aU_z,aT_z,aL_z,ep,n_days,cls
-0.03299226581010009,0.3418547639575751,-0.42730044431618797,3,4,3-4
1.4364034663691523,-0.05733453988237133,-1.5121906024016636,8,5,5-7
-1.7682400068226358,-0.38580737886499117,-3.2966326426085906,11,4,3-4
-2.303671696490289,-0.4578698446609385,0.3797932798065866,17,5,5-7
-0.2713149254344762,-0.28517789094798246,-0.8333437940440102,22,3,3-4
-0.5798905623857875,-0.28925578118901285,0.07760607057519187,23,3,3-4
-0.012553737456102776,-0.1835309610852743,0.2565919663362147,28,4,3-4
2.1632211679246054,-1.0677800231201595,0.6252244855410007,30,5,5-7
0.8891648874319976,-0.23843773704406618,-0.010147806766566764,31,14,8-14
-0.22023777347010956,-0.15934280997460706,0.3416118012804289,36,12,8-14
0.20745867550273214,-0.3724097253642228,1.066589670465369,38,8,8-14
-0.1930619826699847,-0.4707728647082652,0.08351244534160202,39,40,15+
0.2731772706077692,0.25870678057154317,0.043018407250890456,40,3,3-4
-0.03910034963197847,0.2347054567241736,-0.1441475835986437,41,7,5-7
0.9812048266726615,1.2221161679992647,1.4284190341143996,45,4,3-4
-0.46726538933054784,0.11126721876916662,-0.04359607284093664,47,5,5-7
0.830981467743019,-0.5896351962175724,0.09514740991927109,49,4,3-4
0.8046481592875654,0.13213853225879157,0.749971059927279,50,16,15+
0.31702166320705427,-0.3320217267664916,0.3731074210260277,51,11,8-14
-0.4601579602409274,0.8997637566871435,0.8605574112419436,54,12,8-14
0.737086670801295,-0.2962566693699155,0.7704040452344275,55,44,15+
0.8146392915998788,-0.5987726929596907,-0.834497246905364,58,5,5-7
1.0001631202151628,-0.291449178971837,-0.5876382581813401,61,4,3-4
0.16646812651481824,-0.8591860221148103,-1.8659091810393946,63,10,8-14
0.26107796597078714,0.2973231897510479,-0.11022748313898378,65,3,3-4
-0.7741138024607365,-0.5222439503243304,-0.07523697861726836,66,15,15+
0.8880882743650811,0.30694903956857744,-0.02044295949050745,67,8,8-14
-0.007417152730076926,-0.9757436871940575,0.6941264775474478,69,7,5-7
1.2299239383311036,0.5283995723221929,-0.20893536702038396,73,50,15+
2.6009737504921153,0.11079888452738895,-0.13056926888772324,74,4,3-4
-0.09947353162275688,-0.005305958771847363,0.49411356646807786,78,11,8-14
-0.34471717567493415,-0.10048159424186967,0.22916781452375962,79,9,8-14
0.4114402606921306,-0.5108740616960529,0.04267909586724211,80,17,15+
0.0023978058029844873,0.010106588136855443,0.14308089324240444,84,3,3-4
-0.6210119043294886,0.3838397952809005,-0.16014000633681422,85,10,8-14
-0.09066506508345099,-0.3727565426002748,0.8905581087732455,86,9,8-14
-0.32683541864069543,0.2605674033064056,-0.12061874998598793,87,3,3-4
-0.755476526064096,0.11828342735962036,1.0196732921647707,88,4,3-4
-0.7965119384144546,-0.7847565889915123,0.7547342856843113,90,16,15+
-0.42182802773046413,-0.18109742617723734,-0.0023943824814969816,93,9,8-14
-0.2905394707388474,-0.002652979385926124,-0.02214421097764807,95,5,5-7
-0.14476210885096802,0.12352158517960193,-0.1192922464798227,96,10,8-14
0.35024445701936063,0.005783011909110902,0.6340584628107412,97,13,8-14
1.000722086671687,0.4705044917029392,0.12190303922166407,98,8,8-14
0.3791398175875783,-0.20979483162091556,-0.020669425156567556,99,3,3-4
0.7030749264165437,-0.7981708728149652,-0.6170586609887888,100,23,15+
3.232361223944063,-0.4331997468715939,-0.27610483144119896,103,35,15+
-0.04885683332478841,0.033961344580504926,0.07314533336221934,104,4,3-4
-1.0092611172436807,0.30825312574721125,0.49464964980384185,106,5,5-7
1.5544287226954532,-0.5887442231711805,0.18689960519593307,107,3,3-4
0.082124954951348,-0.059091957512663384,0.8686238783920076,110,9,8-14
0.3610066169736754,0.37466642477152456,0.1473638069439144,114,12,8-14
-0.6826273079413872,-0.27363774837880694,1.0495194927002953,119,14,8-14
5.927972125646507,-0.5035379860367135,-1.2008637329262224,122,18,15+
-0.23007724150099768,0.31104216214332847,0.4754422119710923,125,14,8-14
0.43541355871241444,-0.5906388732907546,1.6590922642021075,126,11,8-14
2.4309175071572144,-0.11457195824232795,-0.4263679344446617,127,3,3-4
-1.5263367364501292,-0.20888399862816498,0.27550001961212367,135,3,3-4
-0.6411951034774058,-0.10664499913292591,0.003709783223241111,138,11,8-14
-0.8035910822837813,0.06305612015671369,-0.21202465320592712,144,5,5-7
1.909163094826619,0.6148696041785429,0.6974850080196737,150,9,8-14
0.6423385173526492,-1.2601247599802883,-0.527036911001912,151,6,5-7
-0.2395031274171996,0.040546122027663,1.349355553429487,152,14,8-14
1.4935851396944524,-0.11632533551177268,0.7454525424112919,153,11,8-14
-0.3337532617668745,-0.35065118963813635,0.13236648371609078,155,6,5-7
-0.0024692041870446046,0.10077878852983907,0.9304007211693349,156,11,8-14
1.2675537216702417,0.012309551991008694,-2.68481718309698,159,3,3-4
0.15201739075466536,0.5230789185412547,-0.20611458903346913,160,3,3-4
0.5154263976221403,-0.15979734853696526,-0.7183902154453952,162,3,3-4
0.9690852141746112,0.27923357148503747,-0.5118046652091909,163,5,5-7
0.5628944456502472,-0.42650539304841073,1.451418469037894,164,3,3-4
-0.0732900741811319,-0.6689900109604192,0.9580456126499464,167,5,5-7
0.6241460630888672,-0.11984174545448739,1.0580138317713987,169,8,8-14
-0.5453256160154574,0.42300086453697117,0.951617767615859,170,3,3-4
0.6748175696560321,-0.45897396061186,-0.6954818542281216,173,3,3-4
-0.4228481668248266,-1.3695632358900849,1.2415443232878505,174,5,5-7
1.4792200829731836,-1.5113516597336218,-2.051047776195233,175,9,8-14
-0.19862252618283577,0.08731126739486084,0.20251354188441303,176,4,3-4
0.10126992328677314,0.04960079010859175,-0.39709712289005783,181,3,3-4
-0.11344364073112434,0.1897706639283887,1.109175190720581,183,3,3-4
0.3601787597219464,-0.5814963695710207,-1.7429308878129834,184,4,3-4
-0.14331087535472498,-0.43252176129777997,0.6064032301659177,189,3,3-4
0.45604959125430705,-0.8172343154040836,0.38124323664609927,194,4,3-4
-0.2850552542298293,-0.6664016719350728,-2.222237781826638,197,10,8-14
-0.7321531456695118,-0.09603686723373508,0.4468753693445561,198,16,15+
0.3790638387893578,-0.8049255057992604,0.2939350195199274,199,11,8-14
-1.2106861019644957,1.033378351440508,-1.1977604340709211,201,8,8-14
0.13799400709499898,-0.22625519574323016,0.2727680747472852,202,3,3-4
0.6071089247851863,0.1430928584823945,2.1493655365073208,205,3,3-4
-0.7977163428390801,0.22508446760232947,-0.6718301642550215,207,7,5-7
0.3363251417655394,0.03228846936278562,0.38719604233886756,209,10,8-14
-0.08056941294178274,-0.15638360949257232,1.7723056654980618,210,7,5-7
2.114337407227449,-1.8341285205834288,-2.223380407588957,211,17,15+
0.2457828089337909,0.6163740029489813,1.0846690630840983,213,5,5-7
1.8429964344937946,-0.9623476554210306,-1.6788916519160249,215,4,3-4
-0.05228551405500001,0.14834067995143346,0.01466440811344627,216,3,3-4
1.7745879454540314,-0.7077020660165183,0.03572646708261029,217,10,8-14
0.997557389547111,0.6460062253131936,0.1683410915774574,221,5,5-7
0.7625651790962631,-0.31843465575949537,0.8169960653122161,222,4,3-4
1.3076584909660736,-0.7160166971633921,-2.035606845458265,224,3,3-4
0.5228970440247029,1.0689439195855097,0.055418998453939605,225,4,3-4
0.4259819776264807,0.65649580680887,-0.2898111429131277,226,4,3-4
0.5736490056670667,0.5244461122449597,-0.5236061303872364,227,4,3-4
1.7369459394649414,-0.8344197608527296,-1.960798044678926,228,4,3-4
0.3514789849768054,1.255549239333019,0.08714187879442403,230,9,8-14
0.5547135172975716,0.08161636238109404,0.5043564679099527,232,11,8-14
2.4521859211702357,-0.09112237467587092,-1.139375129472842,234,23,15+
0.07112090998400622,-0.852944811382301,1.6812564137659651,238,5,5-7
0.9154242023566959,0.12801778415984483,-1.1768845362046685,239,12,8-14
-0.5350353984376095,-1.115570330108234,0.4052304615078589,240,14,8-14
1.386062285766759,-0.47558630273531965,1.3167113992184258,243,10,8-14
1.4475762415118574,0.07711015001458915,-0.17307844553219237,244,5,5-7
-0.3843154327045851,-0.3906764873200303,-0.013676133475621986,245,13,8-14
-0.06228129412736377,-0.2310354843305109,0.36558799705593703,246,7,5-7
-0.28778240906289815,-0.7865249237929619,0.7133617839801134,248,4,3-4
-0.7209964804992611,0.30824697145604163,0.07680301414306373,249,7,5-7
-0.07232211077270856,0.6772956736607336,0.947451037672848,251,8,8-14
0.43095762164890544,0.10222514048095876,-0.3846476203619726,252,10,8-14
0.40449544760562023,0.03680064085749557,-0.18302645061735062,254,3,3-4
-0.6434369309138672,-0.6068726290842478,0.004823151501803902,257,4,3-4
-0.35861591374289625,0.09501518572874154,0.7010677410521231,260,4,3-4
0.973666315968786,-0.13045608429988498,0.9311108763152249,261,8,8-14
0.9791517056277107,1.0354376591645826,0.7007660036285899,264,26,15+
-2.520675955052704,-0.08482120345474822,2.568748702194353,265,3,3-4
0.3431152706663795,-0.19182132994291404,1.417167704506444,269,5,5-7
1.3304358285785565,-1.9147712735773161,-1.9905081465379275,270,19,15+
0.9532512997526726,-0.8902485175385059,0.6248437016947593,274,13,8-14
-0.566108120207583,0.1666060930529415,0.5562270618931885,276,4,3-4
-0.4821085915707042,-0.0863009584109442,0.20039352027461166,278,3,3-4
4.301643421844831,-2.0451596055097703,-2.105086868715783,282,5,5-7
0.4111134110791609,0.10405350775250938,0.41027249846233843,286,8,8-14
-0.4507340153691314,-0.49518900403114696,0.6778444684131115,290,5,5-7
1.6018670621614068,-0.17745081082452885,0.7351368960908117,291,5,5-7
2.4790528489035752,-0.7247388943328253,1.5952250856743588,295,3,3-4
-0.9161714810048074,-0.1664792402639148,0.8595661026389516,301,5,5-7
2.055120235224928,0.011343250556030582,1.2872794172697664,312,3,3-4
-1.051508906077633,0.649576686361667,-1.5494080293383865,313,3,3-4
0.5152310778649988,0.7239068421758766,-0.16752699542380733,317,9,8-14
0.7512207784090289,0.05542601632190894,0.27185074930864644,326,3,3-4
0.8882791485674578,0.10288111329441922,0.2872950471846369,329,9,8-14
1.9853348439742848,0.7909930299223994,1.3349429930185912,333,7,5-7
-0.40756087396314,0.1681188350200639,-0.18301488377777492,334,3,3-4
-0.15825299021236633,-0.18481629104710598,1.3178410820663955,335,18,15+
1.3364560662531222,0.4649472862539043,-0.38881360069805604,337,3,3-4
-0.012498977496151725,-0.3045197143231601,0.04533906772654128,338,5,5-7
0.7928092438680212,0.565811920607205,0.13743267715742985,344,3,3-4
-0.6866505319596082,0.3316905514747167,0.2925446171614727,345,5,5-7
-1.0042383975858913,0.45480901208293734,1.1949470955815082,349,3,3-4
-0.9708182480386613,-0.060411635605186476,0.7203152936563277,350,15,15+
1.251733336886271,0.37801524843903234,-0.5013590111460386,351,3,3-4
-0.5705771967789569,0.8613204558739128,0.37941220468979375,356,5,5-7
0.9390583298876762,0.15060028162671257,0.5389834453544399,363,4,3-4
-0.10173113275003742,-0.23085194192241743,-1.9246645513034963,368,4,3-4
-1.2187444344927343,0.1311159268042158,0.9754046688440947,371,5,5-7
0.12255529388516456,0.24213742371655178,-0.2770808567487065,372,4,3-4
1.643249732737127,-0.03539520527317408,-1.0787538652378004,379,11,8-14
0.4247718696714863,0.2886378845825457,0.6476936501206818,380,3,3-4
0.0985531609567058,0.6043351820376184,1.0093436462522594,384,3,3-4
-0.09279604188671714,-0.0050237931006851255,-0.3070055026894428,385,3,3-4
0.728535130536806,0.36987188360486933,-0.4800007031001634,386,3,3-4
0.9358701457581218,0.263656343302217,-1.085140237153873,389,5,5-7
2.6479236905132275,-0.1418853763339789,-2.516677172519381,391,23,15+
-0.7682329605664402,0.9521747363544187,-0.4074588508877477,392,3,3-4
0.6851410909835165,0.7930860508221669,0.4797365750291856,393,5,5-7
0.6580456944841604,0.08967623947761438,-0.008901574867184459,394,5,5-7
-0.44448637272012614,-0.11716559750930133,-0.13877994499928215,395,5,5-7
0.20474310724146355,0.5591704814712991,-0.3293814768059934,397,31,15+
-0.003838358601016223,0.16716875423949662,0.44262064314600374,398,3,3-4
0.43646082523568924,0.07093409697513842,-0.6829381447011931,400,5,5-7
-0.6534326022822701,-0.032977838694292716,0.04607621089614977,404,8,8-14
6.216406927549691,-0.2523655149538151,-2.0975635955521432,405,16,15+
-0.5985356774542202,-0.20750481366095808,0.7408769848651472,411,4,3-4
1.25415418259021,-0.01367165440330842,-0.10867867173653388,413,12,8-14
-0.9543722158174373,0.009706755559232727,1.6130081362587378,414,5,5-7
0.2818168763067423,0.11729549818273388,0.3218823105047524,416,8,8-14
1.867124428257795,-0.8875388988530442,0.4878785706404333,417,21,15+
-0.7236465027904342,0.6329115602316246,0.5432133417820346,418,12,8-14
-0.20153011319986947,1.351895895143175,0.15439835129163493,420,17,15+
0.08479039328053589,0.13690131665598715,-0.3363247086107596,427,3,3-4
-1.0757534689768404,0.26934375700485913,-1.6745916825557479,428,3,3-4
-0.8674239057908538,1.0497224308839543,-0.4381539327769222,434,14,8-14
0.1592564838878009,0.3899800945129963,-0.6498021782914716,436,3,3-4
0.7483496630807476,0.006743364126575613,-1.4972227113000944,437,13,8-14
2.015645472765906,-1.094032207798593,-2.633672284001747,439,10,8-14
-0.2776777048969813,1.3023645009790328,-1.8753023392506867,442,8,8-14
0.7031864841329423,0.32602644503922085,0.8993478659735961,444,7,5-7
0.15298120458087572,-0.26547623307837154,0.6363239474427566,445,13,8-14
0.46535665051922437,0.1704023217289477,-0.5103040927983968,447,3,3-4
0.1360396592888835,0.545180597207725,1.6030020996622172,454,4,3-4
-0.6558336175413568,-0.3646413069187173,1.3082271664679608,455,3,3-4
-0.9062842330574199,-0.14763374656032735,-3.4232456471233768,458,4,3-4
0.4532424213375604,0.39926411336835277,0.6459496084278559,460,4,3-4
0.3613453499682937,0.2348210699711153,-0.643312653541116,461,3,3-4
-0.25264328060359775,0.4092729297881065,-0.12770748531064902,464,4,3-4
-0.20860023735921862,0.14882588651418327,0.2016061655459212,465,7,5-7
1.1137214184597237,-0.4035769070464734,-1.1198920300392037,469,3,3-4
-1.337050935050198,1.059333030603697,0.06797203435105681,470,3,3-4
-1.7805327633949526,0.10350975955831043,0.8590870004040669,479,5,5-7
1.009199947004856,0.9303504962041391,0.3926451876971107,483,8,8-14
-1.929506890597192,0.11908419660901015,1.0995992666625511,490,4,3-4
1.3750115311928663,0.23713177684197828,0.058004395196769476,491,3,3-4
-0.24716132884934602,-0.22555742798345468,1.5101908701027749,494,9,8-14
-1.2009740057122835,-0.32373637384720483,0.667387194430635,496,11,8-14
-1.012158426451916,1.4070401164044979,0.7792425650489866,497,20,15+
-0.2805079434444422,-0.011764478250457983,0.4362101998804454,499,4,3-4
0.058588449717413504,-0.14852083222506388,0.5086465961181302,500,8,8-14
1.5293979088443845,-0.3684554528874191,0.9812398215755582,501,3,3-4
-0.14400900454914664,-0.13499775745031342,0.5194954383672338,504,4,3-4
0.6828406761349213,0.10204485372334338,-0.36879560929678107,505,3,3-4
0.2822619203500859,-1.1112670994129128,-1.6594147522604359,507,3,3-4
1.7324472315164539,-1.4486035101385033,1.2162187141458043,508,11,8-14
0.7256555626320584,0.22661164360145702,-0.5810214291769312,509,4,3-4
-0.7030502056048102,-0.6354055466278975,-0.7116909859388348,510,7,5-7
0.016703578739601932,-0.0831245352691885,-0.7870276372305809,512,8,8-14
-1.2521029168376299,-0.17868257523870357,-1.488722895943979,513,10,8-14
-0.3205758230644738,0.24722005465488506,-0.09024096848904584,517,3,3-4
-0.4283898971558858,1.0896645535147143,0.41995624870155457,522,3,3-4
0.47462157612257694,0.07981439700062476,-0.954332497208713,523,7,5-7
0.1764023293799659,0.06822902844712408,-0.5636031878065676,526,4,3-4
-0.20975252239839445,-0.022065990898848586,-0.14409448570932493,528,3,3-4
-0.2200476414495938,0.09092895223832653,-0.019200388426818538,530,13,8-14
-1.5018659062452029,0.3483051532949807,-1.0206450427379097,532,6,5-7
0.5960119705898232,-0.032057776706718166,-0.5915537117911889,533,3,3-4
-1.6807129365744757,-0.049187306968392575,-2.450369317886008,535,12,8-14
1.0531986436527336,-1.1999312911097182,-3.584390832031778,536,24,15+
-1.511625120687607,0.35253146781973554,-1.3388187302450474,537,4,3-4
0.5451065257781719,0.8205140636957529,-1.7008794277904347,539,5,5-7
0.47632718447803324,0.12342523534246033,-1.1596889797286123,541,8,8-14
-0.7302936776229644,0.32097527386998154,1.1128724677273558,543,4,3-4
-0.2598496875715076,1.0117065875706253,-0.5014759164973678,544,20,15+
-0.17199785803853462,0.8366525335509052,0.3756458590326669,545,6,5-7
-0.8689704929103345,0.5118525552890447,-2.2212048529785973,546,9,8-14
-0.5899818042362096,0.684353173065395,-1.726112814740258,547,16,15+
-1.104932578288079,0.40667736538414556,-1.545972172248327,549,5,5-7
-0.209456677810185,1.3961387876679587,-1.0095531558732453,550,3,3-4
-0.5020641980336302,0.5429457834091238,-0.30083478210529513,551,3,3-4
-0.5764655056114879,-0.7991090104757601,-0.31961972506151076,556,3,3-4
0.19710014936584802,-0.1456826492122965,-1.0147943441654461,558,10,8-14
0.45557582786592205,0.7229887793227451,-0.07281543048767959,562,4,3-4
1.298860881993996,0.5108439278937597,0.9527621388603403,563,11,8-14
-0.5171975322673573,0.3729451665681647,-0.3314819785005516,564,7,5-7
0.44315444954075367,1.5337558029519802,0.13589959798095413,566,7,5-7
-1.2598672613563546,-0.1951505135529743,-0.19616794010511718,570,19,15+
-0.4910994356748686,-0.4344796023560398,-1.301189181652413,571,4,3-4
-0.2293254413668484,0.42508641899472477,-1.31298721733812,572,5,5-7
-0.3645808120933297,-1.1302358769895569,0.07654232947842338,573,7,5-7
1.4570641428966513,-0.35696140793865494,1.166595194867968,576,8,8-14
0.9800342322314423,-1.2842380263570137,-1.3644501530580455,578,9,8-14
1.690837863405839,-0.0014239691661768195,-3.6954059497980527,581,12,8-14
-0.4795834831586451,-0.5342415226932402,-0.21546315791777432,582,10,8-14
0.5919806897601051,-0.9061271782550899,-1.9958998212069643,584,7,5-7
0.7717600612551606,-1.2575978107486434,-1.029027715524191,586,8,8-14
1.3361929613916885,-0.474149979319144,-1.4128551823693054,587,8,8-14
-0.24531082900047585,-1.298136206174455,1.2821469668342778,588,9,8-14
0.4916138402232576,0.2603336872973011,-0.3607887643640716,592,11,8-14
-1.298092884391651,-0.04526233157137027,-0.9314193561876591,593,5,5-7
-0.7818658149411319,0.2337249843587994,-0.034396953054817936,597,8,8-14
0.8141896419352158,-0.32457805950277496,0.29886452507767214,598,5,5-7
0.11418078330153433,0.19454784188896723,-0.5347347789374477,599,4,3-4
0.31635103663708164,-0.7913647544083082,0.01841700922764311,600,5,5-7
0.29828476668606313,-0.7131034663560497,0.03538155615694005,602,6,5-7
1.0364908744889028,-0.3754362829485952,0.059072472837444434,603,22,15+
0.009170516455627033,0.16662458695196325,-0.5153324840916547,604,3,3-4
0.4275254026230389,-0.13747921701565335,-1.4292886292677922,606,8,8-14
0.6409798339131298,0.8102806139381281,0.28225912930511643,608,8,8-14
-1.1583059428742775,-0.6458270508588149,-2.3618252597565013,609,3,3-4
-0.3030923037778868,0.23378218866205702,-1.6919490969822193,611,4,3-4
3.3229112168789547,-0.5537759382191584,-2.887807626975773,612,20,15+
0.2215245745929073,1.064537970264739,-1.7749572463004304,613,27,15+
-0.4689098706744139,-0.04395726865208842,-0.7027485719906618,615,7,5-7
-0.7242182069188644,-0.9088099496156022,0.700373622349405,616,12,8-14
1.4889845580895544,0.7762382247879825,-1.7300838533792486,617,11,8-14
-0.32526391038936486,-0.42875681619614103,-2.717288544818686,618,5,5-7
1.065008667278506,1.3216323129688454,-0.8487038087476628,619,4,3-4
-0.1821933727449827,1.5494174715683535,-0.8599576867157283,620,25,15+
0.24870561423748427,0.40233140769129816,0.5090202753510743,621,6,5-7
-0.450629705843319,-0.7718943611952924,0.01374534721394366,623,16,15+
2.2995009975750667,0.7118624855792666,0.28268055151313676,624,3,3-4
-0.6439743178107257,0.2543320535661475,-0.48252844810811085,626,4,3-4
0.6175569146402328,0.5208791069325533,-0.5893671803559393,628,10,8-14
3.1781824473757654,1.2197297564568237,-1.3951988897579655,631,4,3-4
1.3533578170964855,0.3616995769159685,0.23845627126443736,632,3,3-4
-0.9228568032596465,-1.2473359914935098,0.913678234293479,633,5,5-7
0.475280082401164,-0.6777871450916109,-1.4021994389465,634,3,3-4
1.2502598734320938,0.8414625337520607,-0.49970352921662453,637,11,8-14
1.41171907481186,-2.477940117515449,-3.638369841800765,639,4,3-4
-0.8966040962121327,-0.682225163340363,0.19651819467253817,640,42,15+
0.8396927010388433,-0.24106274947105333,1.1315977816271916,641,22,15+
1.8094375724174139,0.07175849695901304,-3.0498987943180604,642,11,8-14
-0.9102781351572069,-0.9200180423842699,-1.2857824127141078,643,7,5-7
0.6900643592308977,0.6555348829782082,0.7665896791240806,645,5,5-7
-0.09032794093456165,-0.16958178405816426,-0.8057984904639413,649,3,3-4
-0.6335199193453849,-0.38404179623505585,-1.691999351587725,651,25,15+
0.6938554688033656,0.8295297774634947,-3.2958400066283153,657,6,5-7
0.2028027820636858,-0.4751840667040876,-0.6131054496263417,658,24,15+
0.3924088432531351,-0.24605448936450913,-0.13255241860966033,659,6,5-7
-0.9638193948006293,-0.15983240430565515,0.48402123962792665,660,7,5-7
-0.1654566260692444,-0.22879657013311938,0.11989397650336597,661,8,8-14
0.06133278764170014,-0.12473925941943381,-1.3388522297807173,665,4,3-4
1.5428677010063545,-0.08813967213084095,-1.0966736764894645,666,5,5-7
0.6379014227480801,0.054701138308631214,-2.0365117147848846,671,7,5-7
1.1979371577321416,0.10923204139951215,-1.0959336928350634,675,5,5-7
1.0819339828361105,-0.7831029288689426,0.4095416816841266,678,8,8-14
-1.739785470462111,0.01475601235104329,0.6462159617302807,680,3,3-4
1.482312818391358,0.2829451581351382,-1.9993156159087735,681,4,3-4
1.3404458426325305,1.9094936706673624,-1.5375052467484602,683,26,15+
1.1219974492409996,-0.05622223582330098,0.2628548037155734,685,8,8-14
-0.18334899646113695,0.42587524237080215,0.3028146290450585,686,20,15+
-0.4887587812758521,0.20467564349492418,1.4047534196453249,688,3,3-4
-0.8687832819593533,0.17663790822294811,0.0708635926855567,691,19,15+
1.111330767888972,0.6616286418230193,-1.2157142123629856,694,12,8-14
1.6910053377183367,1.0805458078597951,0.4857784891934023,696,5,5-7
0.028610745566098994,-0.40562960992477753,-2.526434215869444,697,3,3-4
1.6443567287575314,0.33989243668649527,0.28277882886457395,700,5,5-7
-0.7752306180020927,-1.6703414738270688,0.1793246330273117,704,8,8-14
0.5001007441701039,0.06976381117887265,-0.842485871464622,705,3,3-4
-1.1235583917768253,-0.42199457493448994,0.12606975377491003,708,7,5-7
1.0002334087575,1.7423260054625909,0.8356252677218285,713,59,15+
0.15219479551159004,0.12730928176762876,-0.8004413537403684,716,8,8-14
-0.24678572662292864,0.10405554591731792,-0.9581012937692005,717,7,5-7
0.5143317616272957,-0.3650330641879,-1.8958519904768654,718,15,15+
1.2493017661873436,1.2136361926388861,-0.7942927187144576,719,6,5-7
-0.16701639955524628,-0.25329993641800996,-0.2148248702555065,721,5,5-7
-0.6224699513524155,0.6080715445909295,0.13163786661718424,724,3,3-4
-0.799054978851377,0.5807813041065149,-3.140006788798331,725,27,15+
-1.0177254632444357,-0.5768462068296722,-0.3714742200530048,727,14,8-14
-0.3638670644240835,0.16579422440616198,-0.4168298853618453,728,23,15+
-0.048841482162737426,0.6854473141105113,-0.8311740387802049,730,6,5-7
1.2061891231671609,0.6013937189374172,0.1565071129623599,731,5,5-7
0.33219228164958303,0.3787091939844545,0.04111200415411176,735,4,3-4
0.678237702313087,-0.09528870525269717,-0.6678461539044829,736,5,5-7
0.2506399253095084,0.3200705542367917,0.7024964306740773,741,9,8-14
2.1269042776601204,0.62338843461815,0.700401080176729,744,10,8-14
1.1302340074658122,0.2559195814109411,-0.17222566908262565,750,3,3-4
0.6134016449699395,0.8041528441996704,0.014186394102583905,752,6,5-7
-0.4353951022176682,0.16805625547364123,0.02512097047658013,753,11,8-14
1.9069277063611338,1.334898303206672,0.5632292047288443,754,7,5-7
0.09342010133514339,-0.13859570356412898,-0.3538638692087828,756,5,5-7
0.9463705501928664,-0.23855605779905154,-3.4568235516171852,757,4,3-4
3.242392312501375,0.04104308611956109,-2.1728424617585222,759,5,5-7
-0.7798931164101446,0.43960156928120764,-1.9443675005289167,761,3,3-4
0.6514111920205861,-0.8194940342740786,0.6214077902673006,763,4,3-4
-0.18761720621046096,0.1394498777236004,0.33753615666559633,765,3,3-4
0.14933505451279,0.23616298904293087,1.190653832896209,768,8,8-14
-0.010492685774732669,0.031671093285247975,-1.0747372663610717,769,8,8-14
0.34455438930711446,0.20855318799067135,-0.3668122589762163,770,4,3-4
0.08282125082335864,-1.4132949398927348,0.11885862096472999,775,8,8-14
0.160755636798764,-0.6626844128557511,0.6748196855694031,780,7,5-7
-0.7677779213652473,0.6532749776325425,-0.6331747327264242,781,5,5-7
1.7900996728786915,0.5334150421308874,-3.3238404872200236,783,27,15+
0.010984811405376521,0.16369044278257572,0.46422991180849593,784,6,5-7
0.10835217117244259,-0.551706454340247,-2.690169811493207,787,3,3-4
0.4135556000137104,-0.8296421872721058,-1.0321874606826416,789,8,8-14
0.5889057181151331,-0.5554918057996513,1.0015579037074274,790,13,8-14
0.4200458842876392,0.3309567260372033,0.788853669837226,792,8,8-14
-0.2838242014520873,-0.06176584519015593,-0.08637636518306735,793,8,8-14
0.727202659480663,-0.7206466589476112,0.16818012451821418,795,11,8-14
-0.17214799200904587,-0.5193454079136894,-0.433355036857833,797,28,15+
1.988450487658913,-0.9729763250199872,-1.66825077053042,798,7,5-7
0.024476492609136424,-0.4694291963154519,0.7783261306205153,804,7,5-7
-0.9116773108141326,1.5187773974250136,0.561656242457964,807,14,8-14
1.135858105741318,0.29420235222928937,-0.165868058261561,808,5,5-7
0.8352567159840473,-0.1093842242417713,-1.6271848125864277,809,42,15+
1.6665931347056846,0.29069426020578537,-0.10671838936714942,811,4,3-4
0.849843376462363,1.1544556132555899,0.3549592504400052,813,9,8-14
0.050016919224082745,0.2382921815453476,0.1566693440683958,815,4,3-4
1.4674839780017062,0.12647527109522438,-0.4290953788973733,818,19,15+
1.1181288454070748,0.40719469847291023,0.029900992443940483,821,3,3-4
-0.6979292909677113,-0.413389053585299,0.2887330495034556,825,18,15+
-0.5215222872069767,1.1856494478724504,0.9063942068490848,829,37,15+
-0.3627911584656012,0.468144248271672,-0.18642523630863927,832,4,3-4
1.0653641732508472,0.2852780746668784,0.04236526993370848,834,5,5-7
-0.5610607079792178,0.14245998576178065,0.6754692748190341,835,36,15+
1.2177864397183285,-0.5720653931665898,-0.6961010102385217,837,29,15+
0.8834222467577588,0.3080293104790793,-1.711860298270379,838,3,3-4
1.1684850928808994,-1.718451272619396,-0.5734945756153367,839,19,15+
-0.8689812387394257,0.006295172410975658,-1.5994952300575807,841,7,5-7
0.44067459158998423,0.17673701496951383,-0.18722298087444517,842,3,3-4
1.2129215272626692,0.16919007596360636,-2.4773230579340004,848,4,3-4
1.291985887017988,0.018634718391287386,-0.19253218798444438,854,6,5-7
-0.7312811519730668,-0.004798374550378792,-0.8986938084252772,859,4,3-4
-0.18966529537026589,-0.17406249582601757,-0.1531821582682678,864,4,3-4
1.3102892754924946,0.37829180882908453,0.22474648411910636,867,7,5-7
-0.41063049007684055,-0.1682390928507893,0.19953283308645559,871,4,3-4
0.42380457002458244,0.2626422064670936,-0.11370719372612359,884,3,3-4
-0.3351668665670585,-0.4493119481535475,-1.66462800914775,897,3,3-4
-0.49035975999785564,0.5516003056777811,0.8923019986107763,907,14,8-14
-0.6080654163326137,-0.07494059962420485,0.2899769986355001,911,3,3-4
0.2942863561548965,-0.30844790671984973,-0.7284545899624224,913,3,3-4
-0.452499048923149,-0.07010926602252462,-0.2671199275126731,914,4,3-4
-0.8421077456700862,0.3685208221689091,0.2277188093786191,915,3,3-4
-0.8412394797362156,-0.23424032891593846,-2.0511921764422305,922,3,3-4
-3.0074577367403132,-0.8853806737467639,2.4710499773880303,927,6,5-7
-0.5373968535115639,0.5095346163274848,0.02496486237024964,932,5,5-7
3.058313896167648,-0.22211854364220968,-1.2355611208104984,934,5,5-7
0.41971091338013844,-0.059860008394650055,-2.1485475886120673,935,5,5-7
0.7107421966575984,0.0035477237510557202,2.8105324927961064,940,6,5-7
-1.3167895605445445,0.44632741977789514,-0.5907585294069962,944,8,8-14
0.6315754830718615,0.19543143675419744,0.908611814550796,954,4,3-4
0.116368709798223,0.3411813460399651,-3.0389558856189183,965,4,3-4
0.488564009516673,0.9102285896985204,-0.1779854632618456,966,10,8-14
0.06461654084464219,-0.057624969878525695,1.5814047992413545,968,5,5-7
0.7446020444433447,0.6142423968513219,0.16378809169487396,974,10,8-14
-0.08063267277797853,-0.2322684210479911,0.7893188494973509,977,3,3-4
-0.6952495904806637,-0.2094633942140716,0.720913638105244,982,4,3-4
-0.49685691140499755,-0.03483121920809462,0.4872127663950531,991,8,8-14
0.9480006323882845,-1.0034512879017299,-1.5374821628682676,997,7,5-7
1.2574844893193533,0.16175813337529743,0.6146277618264788,1002,3,3-4
0.6504540844516109,0.2082927539078261,-0.23200390733457926,1010,5,5-7
0.178407538134231,0.14576097809187505,-0.41578472301343117,1013,3,3-4
-0.32575175182031213,0.05502623495127523,-0.06000382024831913,1016,5,5-7
-0.6583180269710576,0.08923926990674003,-0.14355826440942254,1021,7,5-7
0.5571195424067968,-0.08710958982300863,0.075613766616006,1027,9,8-14
-0.5506170863395635,0.028806161588746493,-0.05781429290894563,1033,3,3-4
0.3280467111770921,-0.21838262622341087,-3.0975550847261313,1035,3,3-4
-0.7895605880575935,0.3652776432563898,0.525150754605853,1039,7,5-7
0.4087523071516747,-1.7101367942605146,-0.8907793291946995,1042,23,15+
0.4186255059366726,0.13569654969495992,-0.04756385129241737,1044,9,8-14
0.6635083196546903,-0.25323094538611796,0.35946059486050186,1045,23,15+
-1.0270341960162834,-0.21024319165631467,0.44294985364318573,1051,5,5-7
2.8686894781568237,0.06999852715818167,-0.8441300431204084,1053,6,5-7
-0.5484538809542321,-0.09372070600442772,0.05459917081039528,1054,42,15+
-0.9781684198494034,-0.39244222850611266,-1.4514737591452394,1055,38,15+
2.5658130184169483,-0.23981582570370563,-0.6749985206765967,1057,20,15+
-0.5967855629730268,-0.5380392933177971,-0.46553476481375505,1059,8,8-14
-0.6062446585966799,-0.32852146598093185,1.0194013609224357,1062,3,3-4
-0.7781217249586122,-0.43998936181981524,0.6124869062294709,1064,35,15+
-0.586364715779873,0.20920393300728013,-0.5405779721625769,1065,5,5-7
1.290410859305779,0.004416018440722369,-0.32782233621894646,1066,3,3-4
-0.5618781493683327,-0.648829296964591,-0.12167232402619854,1067,19,15+
1.3960935056795303,0.3471555587794192,-1.069896719290548,1073,6,5-7
2.1780567752973528,-0.03926560250268596,-1.7953412373360718,1074,12,8-14
2.7149732621672964,0.5642066799790502,-1.3192587072474757,1075,18,15+
-0.051891050097461075,-1.7595828851120867,-2.2939653226633716,1078,18,15+
0.45227952118562176,-1.045672856633193,-0.251927301571075,1080,5,5-7
-0.594739622820338,0.0868951623543038,-0.839479636258262,1081,3,3-4
1.3267364164465107,-0.35665180497512383,0.4498260339830986,1082,53,15+
-1.500866823423902,-0.013727516863520695,-3.0118102852063506,1083,38,15+
-0.8684967582125074,0.3131136345343869,-0.6395822481452547,1085,3,3-4
-0.2761501149391849,-0.17932974362968476,1.1345340822763037,1086,10,8-14
0.21376755820309742,-0.1887507866761171,-0.13845054679594354,1088,8,8-14
-0.6295285674215018,-0.004209928240136329,0.022851767028129688,1090,5,5-7
1.6784594403674862,-0.32002953364618564,-0.4569523556269268,1092,9,8-14
-0.9692917664714347,-0.38908828213997193,-1.895753863794576,1094,3,3-4
0.41442591200906526,0.19748220057057098,0.14166326970897408,1095,4,3-4
0.2582795701972782,-0.017849339723070456,0.28054150347694495,1099,4,3-4
1.041577175163926,0.07910712105179163,0.5690531249606902,1103,11,8-14
1.8210540591827444,-0.5525179470103649,-1.9455940496126942,1104,6,5-7
-0.5349081921210994,-0.1467725550417865,0.8427781633212945,1105,6,5-7
-0.27946969024980695,-0.2884181893585186,-0.997014416415465,1106,5,5-7
2.2118183558446445,-0.35837552553538854,-3.6031259011102055,1109,16,15+
-0.17555881196140208,0.33535303636114344,-0.0037044030575663633,1112,11,8-14
0.11267787806835838,-0.3473121894796815,0.12057355486481619,1118,3,3-4
0.060247613440946715,-0.3226261417766131,0.880221749640397,1119,12,8-14
0.8538467547416233,-0.49758937065392683,0.4581521392335512,1120,26,15+
0.4064474420771014,-0.7924969647616583,-0.43930931474206114,1121,21,15+
2.1988752750116003,0.6046497940676179,-3.7037587075832654,1124,7,5-7
0.8124350710389922,-0.4277573170157101,-0.5226525331789404,1126,6,5-7
-0.632970755031241,0.17569354932575998,0.0690482628078693,1129,5,5-7
0.09399053273548585,-0.6580541026783155,-0.6453242029184977,1130,4,3-4
-0.39775070137336843,0.22767543501684107,-1.2395922689314782,1132,3,3-4
0.9789665351886101,0.3205636689452309,1.4335288326962219,1134,4,3-4
0.968405810158997,-0.021942102502767957,0.5028947711663261,1136,3,3-4
-0.00807921774761311,-0.12566207274602625,0.02274546894809476,1137,7,5-7
1.184184227432491,-0.5734202787390582,-0.9501682941567478,1140,16,15+
-0.3047364064020297,0.521595122351564,-0.0029624527837956993,1142,5,5-7
-0.08591811878104472,0.11044191593060959,0.22532694152668112,1143,3,3-4
0.6587691157335016,-0.60211915566332,0.20593356731142953,1144,7,5-7
-0.0008853562771425905,-0.4888244497824966,-0.9669963709328536,1148,12,8-14
0.5912983023321117,-0.15011184410625383,-2.127032925133575,1149,7,5-7
-1.1051276687241245,-0.3244296584338169,-0.4012817122320304,1152,5,5-7
2.302292454566458,-0.8463382393925631,-1.4150647374348417,1153,3,3-4
2.424891541420253,-0.7186262468662373,-0.9978129713117512,1155,8,8-14
2.2433340116141074,-0.7028003188536114,-0.6438108296722943,1156,9,8-14
0.08875767147345595,-0.15007701537212126,-0.657223377471598,1159,7,5-7
1.914823965782027,-0.2620513956045123,-0.1666114706282181,1163,4,3-4
1.2233211657842857,-0.22949779731153797,-1.4912918765839533,1165,4,3-4
-0.15618887074034882,0.4014359895983042,-0.2538706239172878,1167,5,5-7
0.7065081551011628,-0.3272089914175006,-0.9123859473576096,1168,6,5-7
-0.8443938068686563,-0.3009202628951307,0.002573162462203904,1169,6,5-7
0.19640101499458246,0.2591257819374775,0.4515087916007363,1171,3,3-4
0.8624675436572546,-0.023763147744493063,-0.5140728781600471,1173,15,15+
-1.4069867899917088,-0.006601991429509013,0.5671051209122366,1178,3,3-4
-0.2505549418704818,0.023265594399762612,0.36041244681726325,1186,4,3-4
-0.3693124046401296,0.06641839598854354,1.226520888086357,1188,7,5-7
1.322084149658054,-0.3725142087756007,-1.7935377014016567,1196,6,5-7
1.7172905036704438,-0.5336806930951532,-2.8335438956712924,1198,7,5-7
0.7334474455027712,0.6502524662328873,-0.2089594657913323,1200,4,3-4
-0.04843422626207275,-0.04283934298159536,1.264840455114278,1201,4,3-4
-0.637035139413524,-0.18631583206791297,0.22738673441713153,1204,3,3-4
-0.8696070076366959,0.20906845659427742,0.4345747283893851,1206,5,5-7
0.3948304527818978,-0.3484496263295507,-2.6135483309026033,1210,9,8-14
-0.7848920279691476,-0.6924478203347272,-0.8610504811712865,1212,9,8-14
-0.23582285450334833,1.0907459392390262,0.7210646635987721,1214,16,15+
-1.392291513687962,-0.2940145763095775,0.3783114332444675,1215,3,3-4
-0.19878130462459342,0.2799040753921377,0.672680355010454,1218,13,8-14
-1.8683335087580966,-0.8274858465277907,0.5736909537279233,1220,3,3-4
-1.0104412542622496,-0.6052959062802303,-0.25697092841823654,1225,38,15+
1.1497095567754663,-0.27728878931933676,-0.9835769170921006,1226,20,15+
-0.03641443463304617,0.015348382412231437,1.823698156770533,1227,5,5-7
2.8456096224277734,-0.01554830241069427,-1.05009064634849,1229,7,5-7
-1.1751475118730041,-1.3293576337341735,1.1648151144257675,1230,86,15+
2.580551228832633,-0.3591925155588136,-0.6658127834403378,1232,20,15+
4.062317313063512,-1.506110850868687,-2.618247053662161,1233,105,15+
2.0030164954074103,-0.3463397099972257,-2.5891458792587474,1234,39,15+
0.7798614822200729,-1.1383618138132399,-0.13947766311956708,1237,64,15+
1.5564069516949053,0.23339892379575944,0.8482487726499095,1238,55,15+
0.007613898251968515,-1.7831452105457448,-2.336837553741552,1239,19,15+
3.7314304047824813,-0.3963352886177769,-2.3804002972731046,1241,65,15+
1.6980211408144392,-0.8927459755177174,-3.1556689781439027,1242,43,15+
-0.40512680154927755,0.21719662887955624,0.4418064125880875,1245,20,15+
0.1785298085239974,-0.12124266485012347,-0.23125392145769202,1246,10,8-14
-1.074456415490205,0.23514780592277157,1.0630681308809273,1247,4,3-4
0.23321008612982366,-0.8484601026133907,-1.8100954890671366,1250,12,8-14
0.9381084533385011,0.5139467396907611,-0.025256231315656213,1251,4,3-4
1.6164320536532544,-1.3618686446470183,0.4466612763638353,1253,11,8-14
-1.600445852616546,-0.2581475743600198,-1.286092208612003,1254,6,5-7
0.4266959425073531,-0.05857616331599069,0.9471288496205866,1255,17,15+
-0.2779259268071501,0.3089723591822494,1.3436368652365887,1257,12,8-14
0.8760104839443015,-0.7996182997745257,-0.5132436151303527,1258,21,15+
1.043080338335784,0.18124437665921345,0.5685316003033938,1264,11,8-14
1.8605182895422485,-0.550191187067394,-1.9436997500529083,1265,6,5-7
-0.0003717550492351729,0.05993344057991756,0.5261054112885,1269,5,5-7
-0.8058743094360208,-0.8339895918772254,0.28419412228937013,1270,21,15+
0.27159990917645443,-0.7424687432556963,-0.735028723530665,1271,25,15+
0.9514799502801563,-0.4038245211069036,1.448695327565226,1274,8,8-14
-0.008086665625653258,0.5426841208150882,-0.1373619600039826,1275,15,15+
-0.21700890415575055,-0.3098078407959689,-3.0578878579176307,1277,6,5-7
0.5882647220503817,-0.20395007100293983,0.41062759914495306,1279,11,8-14
2.6994184535447476,-1.116541815976849,-3.704688038060265,1281,14,8-14
1.369089445885125,-0.6512725079898397,-2.108464319078478,1283,30,15+
1.7267489165343666,1.0681041700786327,-3.311831288939842,1284,13,8-14
-0.1471125507048407,-2.1056929115517358,0.6772149103707512,1285,21,15+
1.9656666798230527,0.17079091050315454,0.9332903775129314,1287,3,3-4
-0.023976481131573135,0.1459119196030947,0.2907343960411062,1290,3,3-4
-0.8106393604526256,-0.2771376566757315,1.2081611476073615,1293,10,8-14
-0.42806516234865144,-0.3629306848192101,-0.6836201193559326,1294,9,8-14
-0.5510242492363356,0.5415714435482077,0.9554695497931893,1295,13,8-14
0.10258231229476289,0.4225709144483687,0.7523911332028843,1298,12,8-14
1.6712659346073968,-0.58813037947544,-1.7283895811842436,1299,4,3-4
0.6376405008375913,0.36840816710845536,0.6734037404472348,1301,12,8-14
-0.6680027125808974,0.005616803774425083,0.14725545430366285,1304,14,8-14
0.9834717694055684,-0.045217439433019924,0.5461532050564009,1305,3,3-4
-0.6803461072018097,-0.007089174826359901,1.876066467742651,1307,7,5-7
4.61401894592877,-0.5725470859496209,-3.702403317499321,1309,91,15+
-0.28046316595154663,0.4402938603405684,-0.40430755726398715,1312,17,15+
-0.9170544247218565,0.3477830321376192,0.5126375090828923,1314,9,8-14
-0.5344251238864142,0.06272579558974123,-1.0430253498393989,1315,3,3-4
4.86934265503832,-0.03924797273968861,-2.5188281018907293,1318,68,15+
2.7618782662955126,-0.2518374227072562,-1.3609488013384126,1320,8,8-14
-1.2446530360855208,1.4438806309769219,-0.5756016372740353,1321,26,15+
-0.7951561581726894,-1.3065706479641037,0.46630663990754906,1322,8,8-14
0.22221902155149076,-0.1040433367419083,0.33951786071964435,1323,3,3-4
0.74960636542508,-0.5304929212278231,-1.670774631454478,1325,41,15+
-0.023913701832769595,-0.23040555106140032,0.1682394072235135,1326,14,8-14
1.285680585010221,1.028026149482444,-0.7240572239289119,1327,13,8-14
3.6677870422232517,0.20494444464185957,-1.7297659105050784,1328,11,8-14
2.719373755453261,0.442114058089327,-0.9152614247085102,1329,19,15+
0.20658351132189973,-2.3966164314915765,2.459835818169059,1330,13,8-14
-1.0307115751548803,0.8410827966061053,0.459861374624921,1331,11,8-14
0.2593043927407532,-0.28799282595441017,-0.11149372464723875,1332,31,15+
0.9002447537216712,0.1688821276067599,-0.29144377433524493,1333,27,15+
1.1676471342594825,0.13053387933175387,0.6507001452363257,1334,8,8-14
-0.2218130652200239,-0.24456336228404985,0.14215198391933703,1335,13,8-14
0.5967797557752613,-0.07561729112522353,0.6258685569656826,1336,16,15+
0.19023060496534966,0.38295074795983347,-0.059451558332448126,1339,4,3-4
-0.18309786917758955,0.015456232111399959,1.176334745788229,1340,9,8-14
0.1353703217197857,-0.12772953518908692,-0.17855539119742514,1342,8,8-14
0.023895991637124525,0.09417106559884414,-0.08962860100080243,1345,3,3-4
-0.13828620505602018,-0.2618524034962874,-1.982769542048399,1347,4,3-4
0.07164993418671589,-0.06359031650905023,0.7280318163116448,1348,3,3-4
0.7357604546959028,-0.15734280731392808,0.12839403618494116,1355,5,5-7
-0.5958587718528222,-0.03236324249062805,-0.9757698846182635,1359,3,3-4
-0.35174918032609925,-0.17368478324589567,-0.013727982162020425,1360,3,3-4
0.658294677396174,-0.07505903346561094,-0.17743693071465919,1362,5,5-7
-0.45257974227419817,-0.15189952745163127,1.5134657841770889,1363,4,3-4
-0.23927882345896495,-0.2297141567925069,-0.6639108166528177,1369,5,5-7
0.4284161136461655,0.3326164188801682,-0.3103550910163928,1370,3,3-4
2.8936342205658603,-0.2437290729803836,-3.626188999195266,1373,14,8-14
-0.37343566010759816,0.10394608013286527,0.8707423069337504,1375,8,8-14
-0.6989989544377965,0.059980798882202424,-0.20729638969789227,1379,21,15+
3.237706857707309,-0.9667481079610796,-3.886932136843396,1381,19,15+
0.6391894726968833,-0.3481784594222549,-0.8647896250524565,1383,29,15+
2.2878385890043225,0.6230587621892076,-3.746504856609711,1384,7,5-7
1.1585918992559938,-1.5832837340326276,0.8220711668654329,1385,17,15+
-0.06777680748454666,-0.5652541016012791,1.185713121651104,1389,11,8-14
0.8157399883469506,0.4272761230817216,0.23144337191301145,1391,13,8-14
0.5466770954355558,-0.13098022880293025,-0.27333255323275507,1392,4,3-4
0.1598725403684016,0.11347643973020105,0.6452690221719795,1393,5,5-7
1.5895239542359767,-0.4583600504782464,-0.16111501687161778,1402,6,5-7
0.23609654490949628,0.10357205903826032,-0.3937941989519008,1404,3,3-4
0.25580733120522814,0.42716088060847446,0.6916001628449437,1407,18,15+
0.8322614149559534,-0.06092755966918206,-0.008976413498347324,1409,6,5-7
0.3972791506239749,0.07260813458203119,0.1595166136887297,1410,3,3-4
1.623680874915274,-0.3321398138544446,0.1578800320004583,1411,11,8-14
-0.86886580994711,-0.6276962953556544,-2.193165220927774,1412,17,15+
-0.6338074337813742,0.42449224461874924,0.16677401382544293,1413,4,3-4
-1.021175645278483,0.017450394749097597,0.3617392416666926,1414,3,3-4
2.098662636172011,0.2878318246378081,0.3473344277193945,1416,6,5-7
-0.3001383367875255,-0.5702970643131644,0.3616202473344162,1417,10,8-14
0.1159650718497093,-0.766836815520058,0.13629529424650902,1418,26,15+
3.7217255211418676,0.27192174603586194,-1.7232148666663447,1419,22,15+
2.9218396508858717,-0.47522973644840133,-1.728693118245587,1420,6,5-7
-0.5081339780379801,1.4953106199419886,0.3025737150593878,1421,12,8-14
0.015915678393267907,-0.556531316681902,0.31233041287387747,1422,5,5-7
2.94562099385477,-0.4632384419656408,-0.1617674259666042,1425,4,3-4
0.021880951404285143,-0.09461400404457887,-0.1299685163593427,1427,4,3-4
0.610875057347493,0.17651436163263534,0.13031536491292897,1430,5,5-7
0.0016015247549820977,0.2163235079861845,-0.2178928932546919,1431,8,8-14
2.860936686282775,0.21510990321069645,-0.4139063203096746,1432,5,5-7
-0.038967201779989885,-0.8036291930419729,0.2343599724486456,1433,8,8-14
0.6555637805636294,-0.4521238282827865,0.20838800124308499,1435,12,8-14
0.4185899322275468,0.2920071812400743,0.16484175353469216,1436,4,3-4
1.1206081353124695,-0.3926815910320743,1.0418437910086737,1439,9,8-14
0.7683934820859469,-0.08809634768498886,-0.4570518938111586,1442,5,5-7
1.5928161075515082,0.04087171949876711,0.041716748015057536,1443,9,8-14
0.8808526867137596,0.739532590757811,-2.252564860666117,1444,10,8-14
1.0940624517513884,-0.39913332819040137,-0.9997016812270777,1454,6,5-7
-0.1771950297230903,-0.09400298766773141,1.0161431382478627,1457,3,3-4
0.9362994255190296,-0.27793685684104874,-1.2236145474681486,1460,4,3-4
0.4760370263604554,-1.0059795399240743,-0.39336172191529273,1464,5,5-7
-1.0518275445442202,-0.13952797457260746,1.6247802367618307,1466,3,3-4
1.3580219790605788,-0.11726341448890598,1.0827165457213848,1471,7,5-7
1.4937638651539407,-0.30698658225713293,0.5614826115730257,1472,5,5-7
1.369283372240134,0.1251203342084496,-0.1062692114056546,1474,4,3-4
0.6369610258250049,-0.22162742696205484,0.9130670656025031,1476,4,3-4
0.2467676807016861,0.5761390594185556,-0.11468938708914211,1477,3,3-4
-0.5777250998155178,-0.1511721274316545,-0.278158607253455,1480,9,8-14
0.6277853105029003,0.278145383593717,-0.13758589682200573,1481,4,3-4
0.6999481935814904,-0.19345420425423532,-0.7360075468264249,1482,3,3-4
0.1794698152020564,-0.26315017205953484,-1.1110587947322508,1483,4,3-4
-0.2049493112703631,-0.1273296662359127,-2.0592967387018932,1497,3,3-4
-0.012109069778116155,0.2268063658216204,0.9336398841341543,1501,3,3-4
0.7013102542068208,-0.4070045885933752,0.6676111104353517,1502,19,15+
0.05948623896726987,-0.2214034104374263,-0.05076754005086559,1504,11,8-14
0.7211747059864558,-0.07208205430420711,0.7814821600113018,1511,4,3-4
0.3931577906666872,0.6895468674886887,-0.00611931677301919,1512,4,3-4
-0.3639910916061604,0.4198580597395398,0.5624211846091459,1515,3,3-4
1.8099178642251659,-0.6998203881125447,-0.12823421294088122,1516,3,3-4
0.75646698486418,0.5953244391053835,1.1502071433378969,1521,9,8-14
-0.2207006600070497,0.2915378404566542,-1.143935602870644,1522,4,3-4
0.23133282658664103,-0.11879940842663139,-0.40527716548563425,1524,3,3-4
2.342685210053435,-0.8113745417008438,-0.22875791969050052,1525,5,5-7
0.08633266021649677,0.4818378789080755,0.9678102617728885,1526,10,8-14
-0.3582964866192128,-0.4163917042099824,-2.585312761279672,1527,7,5-7
-0.7685925997259873,0.17596718001262474,-0.340839833882157,1530,3,3-4
0.8984786831041472,0.21921616585436338,0.8673688049365871,1531,3,3-4
-0.8815027889606474,0.23276103580988008,1.5304356845340932,1533,3,3-4
-1.035212655726721,-0.8598753753572858,0.5420603803108628,1535,14,8-14
0.002434452441827828,1.2534222690266847,0.8337971872951482,1538,10,8-14
0.2203080596046424,0.1730221610722218,-2.9048519572276934,1540,3,3-4
0.4398053099226816,0.29584032034548424,0.3414306822666705,1542,4,3-4
-0.22989777545206494,0.848848617265184,0.10170273333064589,1543,7,5-7
-0.3326172388028965,0.16428523301907633,-0.04636064472793944,1545,8,8-14
-0.2809369363272436,-0.6531546754763684,1.478069398670506,1548,8,8-14
0.40406905635285495,1.3559781039652545,1.003829160666477,1549,9,8-14
1.5343566465271599,0.9267183357731914,-0.4473446651184091,1553,6,5-7
1.3130841869786138,0.3663157152283902,0.5834760811884185,1556,5,5-7
-0.01867056755060681,0.17624992325880157,0.15222355987426534,1558,3,3-4
-1.0261102473194088,0.02867700356509595,0.17443824616813586,1560,3,3-4
-0.5533139020729472,-0.0010327229251414494,1.0006675371063205,1563,6,5-7
0.6942811753252172,-0.6119392521114105,-1.4281262321572301,1567,5,5-7
1.3642997648942652,0.2139123121066322,0.3204684637783246,1568,3,3-4
-0.5278706732892043,0.02918202020633881,1.2440357656626602,1572,10,8-14
0.3105308193028318,-1.5522022663600852,2.249833439030919,1573,5,5-7
0.03749798838212043,0.13037749696343492,0.041198588469771535,1575,3,3-4
-1.01232064096766,-0.13183360158829155,1.7104847882131273,1579,4,3-4
-0.13431034805614184,0.28007133878518886,0.4545980835123343,1583,4,3-4
1.097352969010418,-0.12088318369319986,1.9706216381761688,1586,3,3-4
0.12879753791093387,0.5137078774966991,-0.41587632358952364,1594,7,5-7
-0.15445019320552902,-0.10200671791873916,-0.3449749241269924,1596,3,3-4
0.588961272893042,-0.027537867461338794,0.8241413078716252,1598,4,3-4
0.5489206325980123,1.2844946935385655,-0.1648819461741794,1599,8,8-14
-0.213989637566667,0.4646879878158515,-0.06672599946277197,1601,3,3-4
-0.8087704796042282,0.2653721392217212,0.5314653566840464,1604,36,15+
-0.36414678012291346,0.09916350825956066,0.6105264835348773,1609,4,3-4
1.5394694329675302,0.1206910413963537,-0.5760536501549652,1611,4,3-4
0.5986795952066395,0.44860960603192224,0.132743270136629,1614,3,3-4
-0.09890183799223048,0.40635926880055073,-0.6798300698687663,1617,10,8-14
-1.00652968088136,-0.07416644900022998,-0.26413295016603744,1618,6,5-7
0.7618685338519136,-0.32174185886182083,-1.673314360056064,1624,3,3-4
-1.1726077633924141,-0.6776923478331424,1.4466453235707477,1626,6,5-7
-0.681393711746345,-0.30079917412861,1.9855052650338345,1633,6,5-7
-0.11435434581538761,0.13132523684193043,0.36670267178683813,1637,3,3-4
-0.904271572191521,-0.3448100928722968,0.7385662140391485,1638,4,3-4
0.08757687412510695,0.47537303031423545,1.564332048482103,1639,7,5-7
-0.04862128048365477,0.3813097670971979,0.7049769008820344,1644,5,5-7
0.5144987364509039,-0.44106913877297615,0.7456026973063964,1647,15,15+
0.5170732337605133,-0.6523340106125457,1.8310139147864728,1651,8,8-14
0.42996264798810346,0.5477367129289475,0.4211501717355298,1652,5,5-7
0.12304541896366916,-0.04236044594177643,0.11188511677328805,1653,8,8-14
-0.3362897663046136,-0.003542255916302306,-0.9178789848914065,1654,4,3-4
0.2458373220549912,0.318801664669489,1.4362296429429808,1655,5,5-7
2.557332425787764,-0.42683704560522806,0.03902210587802091,1656,3,3-4
-0.197290458946477,0.37459680834859815,-0.1481574382642058,1660,4,3-4
-1.5251740412733454,0.3727586592154585,1.1293945551878313,1663,6,5-7
0.4303637322671586,-0.3166525970658558,-1.083290673345942,1664,3,3-4
-0.7146962251656326,0.5656238695245397,0.11843390744451099,1665,5,5-7
0.6299164588143134,-1.3108245065226662,1.949394339629814,1667,4,3-4
-0.4385921049280911,-0.0489733601667951,-0.03684895251873627,1669,3,3-4
-0.5785690864824901,-0.5152543014581723,1.588894962884693,1671,7,5-7
-0.0987899638095402,0.39299904102364847,1.2077316472167394,1672,7,5-7
0.494713104117408,0.2662711004257552,-0.36444202389862645,1673,10,8-14
-0.49466961040097607,-0.6165106639947726,0.04466149750500614,1677,3,3-4
-0.28123274405774384,-0.16278613868987807,0.4193293051939811,1678,7,5-7
0.7875984844782911,-0.45016010765575587,0.5602530814985267,1679,4,3-4
-0.16215559297208065,0.2662672208058964,0.20405381014337629,1681,7,5-7
4.1440634077646505,-1.379968880907763,-4.084881277835912,1682,7,5-7
-0.3959717435637644,0.8578499495479812,-0.28091363392312885,1683,3,3-4
1.9104036515004368,-0.48026162090418045,-1.7340707763506258,1685,3,3-4
1.1233229619744352,-0.5267196354001764,-0.685051009590896,1704,4,3-4
-0.2237363717250951,0.667715566268851,-0.28205561361237785,1707,3,3-4
-0.17441361825716462,0.7799640826354003,0.4643393578025292,1708,3,3-4
0.5763955294455598,-0.4723675797158247,0.4744604112808253,1709,6,5-7
-2.28832904434491,0.1685661974621011,-1.2592880441769987,1710,3,3-4
1.5713903334195298,0.5458948633029674,-0.19723659320584253,1711,4,3-4
1.4409409416234924,0.6125641766250128,-0.3301132216259556,1713,3,3-4
0.7154046642878732,0.6006402359497395,-0.70175112454789,1715,4,3-4
-0.5123332657710079,-0.06779530144549395,-0.376528392491531,1718,4,3-4
1.4951500287815356,1.0529058324006952,-0.2558635413019924,1721,7,5-7
0.04540969818183216,1.6783375814775277,0.20958435788771163,1725,7,5-7
0.21622777054788833,-1.4718184565031536,0.7100283383814632,1726,3,3-4
-0.41075277580335534,0.6205148285519965,0.02945077763161502,1727,3,3-4
-0.13467469838058424,0.12270304100566154,0.08941829192712403,1735,4,3-4
0.9471767811010985,0.0055597109905905495,-1.8637480820094008,1737,4,3-4
0.29659023181599764,0.24132190998872718,-0.18894797515058676,1738,7,5-7
-0.28360563259937965,-0.3750268912741367,0.48310051458608616,1745,3,3-4
1.3103276038838791,-0.5316653343580925,-0.46735635955565513,1746,38,15+
2.5719933351242226,-0.21203708384391812,-0.4350069043855565,1747,16,15+
1.9408771663702118,-0.6522198849658125,-0.7290011043149307,1748,7,5-7
0.9480783365356813,0.09734727744094776,-0.6383078305916358,1750,3,3-4
-0.33917625954697217,-0.4509246231351753,1.4052047996909984,1754,3,3-4
0.7679335256483658,-2.0840675912181554,1.607251897652559,1755,4,3-4
-1.4124694457437061,-0.845365777914955,-0.4228510532817329,1756,39,15+
-0.15754149979515053,-0.13189605406311133,0.09767406623293574,1757,10,8-14
-0.3377719440488019,0.576041339182825,1.871251276608257,1759,3,3-4
-0.9033812481556137,-0.5988391833769006,-0.7487832305038166,1760,14,8-14
-0.32322920480409223,-1.7171556273652127,0.30144351077613823,1762,8,8-14
0.6010868748635002,-0.5233782413135282,-0.4096214101169602,1764,8,8-14
-0.263017311465031,-0.24414200064338232,-0.43161952101551493,1767,15,15+
0.06902569238992629,-0.5920216797583331,-0.6668726573829968,1768,13,8-14
-2.805833869124399,-1.1337349201122908,0.16015656828461827,1769,4,3-4
-1.308336191842072,1.1007186231081267,1.9179477132053926,1775,7,5-7
-1.533445241061157,-0.7477107208169604,0.6192322895561058,1776,82,15+
-1.5904045912596512,-0.14126844681932,-0.1446541784698438,1778,3,3-4
0.6165645979930039,-0.013520488533985714,-1.7858592321735582,1782,4,3-4
0.17821428856095034,0.6036674277857561,0.6726170986073836,1783,3,3-4
-0.39545711196792477,-0.6726724611003637,0.726977698409426,1787,5,5-7
-0.5452273113441676,-0.4121488901983474,-0.19094807606179992,1789,3,3-4
0.9130918866600746,0.4297165306172762,-0.6990118339745992,1799,4,3-4
-0.7992971442113124,0.19771416588581614,-0.4588601867362301,1801,3,3-4
0.9884011063245914,-0.6160017584176802,-1.2686416212543434,1802,3,3-4
1.7558450862252952,0.7550832023566597,0.5723560876612859,1804,3,3-4
-0.1697491146865584,0.26662201879708736,0.04067683756939455,1806,11,8-14
0.3462272185358436,-0.09211406138668365,-0.7188561086468706,1807,5,5-7
0.7724906363991457,-0.11869783039700943,-2.5618503981938643,1808,4,3-4
-0.568177890783454,0.2942283960006211,0.07805544479413504,1809,10,8-14
-0.28564517739712925,0.021264835961545797,-1.2507213390995726,1816,3,3-4
0.4460537194757021,-0.28928784041229877,-2.1795936925868578,1820,4,3-4
0.27759445614968115,0.47683538287322136,-0.07052586908528563,1821,8,8-14
0.1052501450596176,0.4129943952598505,-0.8070908021332484,1824,6,5-7
0.3100267157676684,-1.0765384447793138,-2.170690837673585,1826,6,5-7
0.028171361440744447,-1.6913218901022873,0.44752766087479307,1827,9,8-14
5.3041841959197376,-1.435620539589245,-1.3429424590795906,1828,4,3-4
-0.5696637813691803,-0.22812557496007568,0.5619139319027614,1831,7,5-7
0.6478788441049826,0.009777058275875827,0.48151315508803594,1832,3,3-4
2.1518587601377583,-0.4792346427377505,0.5377092115269302,1849,6,5-7
0.7087717043685101,-0.6283981791317242,1.658641042436216,1853,7,5-7
0.4642084149647015,-1.23306977461239,-0.6440583742655628,1856,38,15+
0.5560855822796887,-0.4287796898530018,-1.9033680008784326,1860,14,8-14
0.42618222695377556,-0.47241160392550097,-0.6921272487985098,1862,12,8-14
0.26231528513421637,-1.0566116957664982,-1.2153930754012137,1863,3,3-4
0.5169337859413972,-1.8298813908381564,-0.41453197846807865,1864,11,8-14
-0.0815399228216114,-0.7667506831875157,-1.647334510670282,1867,35,15+
1.5396865526446202,0.0843367950165318,-0.5008072286025443,1871,37,15+
1.2890690223955512,0.20642898486065292,0.9511139470998655,1872,4,3-4
1.0492790231746039,-0.959898720490086,-2.4050556927666453,1876,40,15+
0.5903570139392035,-0.27169150140765463,0.17604697449847279,1877,13,8-14
-0.6496072366013331,1.0820498323393144,0.04190069278259209,1879,20,15+
-1.0768247747690238,0.10330918222122232,-0.10479970672982031,1884,5,5-7
-0.17332999325468207,0.08645581483509346,-0.041929764262190944,1885,33,15+
0.5579168156870608,-1.4755119531154164,-2.1054000820050414,1889,50,15+
-0.04061712826126895,0.28648711613771277,-0.10070569521726364,1890,14,8-14
-0.34432903448468455,-0.6115514032032868,-3.2130435608778214,1891,14,8-14
0.670225246100389,-0.12491078227186278,-1.6042993604144902,1893,4,3-4
0.6694197529259629,-0.4235511435152903,-1.6435883723011424,1896,25,15+
0.5546802821070845,-0.13364666097547823,-0.3372350589735642,1897,13,8-14
-1.3723362764221023,0.2557066601441319,-0.4167208710692516,1898,5,5-7
-1.3079314836959457,0.19058078912802334,-0.1742364673464032,1899,7,5-7
0.12128762752444111,-1.0350253318935454,-1.0535001995384166,1901,13,8-14
0.34608640672234736,0.11521563624403364,-0.6234122044254309,1904,3,3-4
-0.32383235247795555,0.44509965221799874,-1.5684832338024175,1910,41,15+
5.528395921585837,-0.7919022849744803,-1.6477817783254598,1911,25,15+
0.4270132559498627,0.5470800771589283,-0.3005162714011831,1912,7,5-7
0.14465513996840418,-0.63420280517529,-0.4799223370673322,1913,5,5-7
-0.5767499437138428,0.5220468064074203,-1.4752278549233897,1914,4,3-4
-0.5915859274879666,-2.8614507536080533,1.6413350953310233,1915,19,15+
0.22137515892215032,0.3907715208569418,-0.3759299837396257,1917,4,3-4
-0.756243172423595,0.20347906952113082,1.634001953011293,1918,9,8-14
2.388454370587537,-0.15975717809052847,1.8749775023800854,1921,7,5-7
-0.4979203241285103,-0.03725730033682084,0.9460727822359322,1922,13,8-14
0.8319577771985414,-1.1436084757824454,-0.7602130320885061,1923,30,15+
2.6309087028003004,-0.1791987346269472,-3.3511634554864287,1924,64,15+
-0.4862863952778351,0.6900808848057289,0.5012629871735065,1926,22,15+
0.6137072344134291,0.1136667531328186,-0.22931810621046225,1932,6,5-7
-0.49380873978643847,0.07885202205025021,0.3346771487114873,1934,15,15+
0.19395788349920895,-0.5955472718510831,-0.2708540859681457,1935,5,5-7
-0.32433764377467944,0.1952405336033951,-0.09342733577552942,1937,8,8-14
-0.04782548196957925,0.31745728986594685,0.2685243630816264,1938,23,15+
0.07216704903545126,-0.8698623648736844,-1.8837490044011451,1939,12,8-14
0.882148120504428,0.07040380548940484,-2.8986265737226007,1940,6,5-7
0.25194000084990686,-0.5570839978959823,-2.9165616457287724,1941,23,15+
0.9843531252190232,-3.3736405931214226,0.5013238877481461,1945,26,15+
0.009938246086957037,0.04696148955595825,-0.31988650681313735,1946,6,5-7
0.36231869760927476,-0.295042248900998,-1.0834238896069808,1947,12,8-14
-0.46728837835015746,0.3384708937362015,-0.49755035313692814,1949,26,15+
0.34617407877097967,-0.0883375923491933,0.49250432220162854,1950,3,3-4
2.7977007061418604,-0.17639991179298758,-0.6749863210911986,1953,32,15+
1.417163602991423,-0.5230994990051334,-0.050175236864232864,1954,12,8-14
0.5717289132524013,-0.1442275577351801,-0.5055542855990536,1957,5,5-7
1.5873020579569788,-0.03580058419843658,-0.3774866238514873,1959,11,8-14
0.8877146638106295,0.4570910407205959,0.11021568841614876,1961,19,15+
-0.05469540599294253,-0.2626542490965219,-1.78225765292497,1964,5,5-7
0.0713957522382131,-0.6239907438888511,-2.035411672441866,1965,12,8-14
0.5297966645028154,-0.4977250758720388,1.4276331225542855,1966,14,8-14
0.8821114864235853,0.5714896423311505,0.7850245910098381,1970,9,8-14
-0.11345758781050025,-0.5823789398644184,-0.5729650190335758,1971,3,3-4
-0.39356673820684734,0.1770899857394903,-0.5171974418513732,1972,3,3-4
1.5253436878565847,-0.1101463183383166,-0.714409240147982,1973,15,15+
0.44673987341576527,-0.020046404697073694,-3.4633173495185496,1974,4,3-4
1.0602215016765024,-1.4408988252550636,0.24447800419919682,1976,13,8-14
1.2364741978461211,-0.46804058354739736,-3.0045054962578535,1978,3,3-4
6.203309808960929,-0.5371519671800238,-2.7039013607087323,1982,3,3-4
0.14922131214775758,-3.1130146555927136,0.5482496911776673,1983,23,15+
0.5521692829471229,0.44398122320648015,-1.9547069377139863,1985,7,5-7
-0.31523639145638016,-0.3567224634240183,-0.548009185481654,1986,3,3-4
-0.6825040576922536,-0.18275810605863063,0.13428554123265413,1989,17,15+
-0.47939070193052014,0.6620297995729336,-0.40683307002047403,1990,21,15+
0.5651122700524351,0.11675428063240423,-1.4009487451525726,1991,11,8-14
-0.3576207918758481,-0.04796772987792797,-1.5057844250810186,1993,23,15+
4.635464517613062,-0.6676476538524292,-3.4239354740523975,1994,20,15+
0.5862435274785769,-0.18753946035612873,0.4417439445700366,1997,4,3-4
3.150576485122806,-1.0016561654847647,-1.8942539728530121,1999,5,5-7
-0.08956728923208547,0.6111492379373265,1.3374521501824743,2001,4,3-4
0.47463660804770796,-0.8753000955621246,-0.3569905082513598,2002,5,5-7
0.3614125798230552,0.5519364136162633,0.3631169342182479,2005,4,3-4
-0.42954944239882464,0.0910787366741288,-2.315936132308374,2006,7,5-7
0.985715705342032,-2.146322659531498,0.44572159441866166,2007,10,8-14
3.31173762373031,-0.12773344465849412,-1.2478330980815062,2008,7,5-7
-0.22836340935802646,0.44190473904485605,-0.15787241518090586,2011,3,3-4
-0.26170181095449646,0.05774417456947312,-0.8796843984999527,2014,3,3-4
0.8080225248130164,0.2348386984772902,-1.2401582976749788,2016,6,5-7
0.5494898760300932,-0.08299941663182825,-0.7918742181487876,2018,4,3-4
-0.06632786563084347,-0.054709484330489555,-1.5392384596488877,2019,3,3-4
0.08785421551476799,0.6316029286120843,0.9400663264040567,2022,3,3-4
0.7701542246466138,0.10766430031050189,0.09023748958263697,2023,5,5-7
0.7545518446942796,-0.4460020442731746,0.25222109096056644,2027,24,15+
0.2527032514888533,-0.09100728441777967,-0.14284240174414825,2028,3,3-4
0.1528359614957514,-0.18030916231593985,-0.43550206887778375,2029,6,5-7
0.9815238099897673,0.5186459886296073,0.32085793985861183,2032,5,5-7
-0.2571689642449828,0.12635085718323102,-0.04031775739694704,2034,8,8-14
0.1770133396901477,0.08435063843434842,0.2463680571400727,2035,11,8-14
-0.284517550470163,0.2971541430115768,-0.6378160740877028,2042,23,15+
2.0710265825493486,-0.573274178088219,-3.5622293190536354,2043,16,15+
0.9793692211417704,0.49010268089038406,1.396049234859459,2045,23,15+
1.831830272204706,0.5562645959724801,0.6384506163308857,2046,9,8-14
-0.20760540733577787,0.06134454799772622,-0.567963936409182,2047,4,3-4
-0.4939808828580009,0.07501839260926346,-0.3394897514890256,2048,4,3-4
-0.6779363577274559,0.5860249485320392,-0.2744214517635887,2050,7,5-7
0.4180163325676163,-0.17733865516922998,-0.078219265867576,2051,3,3-4
0.13089837528024234,0.21678256187420647,0.9267568528115586,2053,4,3-4
-0.29561689110476375,0.1385330263052451,0.5719747580851013,2059,4,3-4
-1.1822149222410379,0.2061619108909034,-0.7562281498157127,2060,3,3-4
-0.157868289265245,0.21376976858175578,-0.4042908417421174,2062,3,3-4
-0.864723186305441,-0.5242885574817306,-1.2541773793343785,2070,13,8-14
1.3995023487559908,0.15883016122523513,-1.8037793999148,2071,3,3-4
-0.7590855506788918,-0.7167233609610171,0.4522475158824151,2072,3,3-4
0.9902740648779446,-0.03518923831722187,-0.5943726298099207,2081,13,8-14
-0.1221655922052991,-0.1949088398256187,-1.0773862124092854,2084,11,8-14
-0.8144391578399968,0.25513691087822415,0.7730728715046087,2086,4,3-4
-0.7466247431300543,-0.43742299030147747,0.0616445216687905,2090,21,15+
-0.706396915178682,0.44025772787873857,-0.1545316118609154,2091,18,15+
1.151900604351117,-0.2098114774800689,-0.5827579569095475,2092,4,3-4
-0.36646837851546477,-0.08283046395140627,0.17774177849912137,2094,8,8-14
-0.7851947690793081,0.18288050144313323,1.6272317450584601,2095,7,5-7
1.7967907041781261,0.14921208538978337,-0.5207993325271179,2096,8,8-14
0.18004144958421187,0.2517821478167799,0.2584680793224494,2099,4,3-4
1.162103752923089,0.04240533663394663,2.2630551638461895,2102,6,5-7
1.303115759435526,0.1859290630035244,0.2706055654948566,2103,17,15+
0.6059058467383701,-0.12278959802984035,1.7925900464354627,2104,5,5-7
0.6537318615177192,0.029023715906593417,-0.05426756671934907,2107,5,5-7
1.702145781275088,0.372514743225114,-0.35377988785840553,2109,3,3-4
1.536370440630562,-0.18656848460577613,0.2579214507360998,2113,12,8-14
-0.16267977587368504,-0.021492208463183338,-0.22488562190492975,2115,7,5-7
0.8738020335424278,-0.07882235944027693,0.8594174544437206,2116,3,3-4
1.6325249782351574,-0.5663369108831179,-3.079353369213357,2118,5,5-7
0.5972472697320379,-0.030061336203188627,-0.2034061275715089,2119,3,3-4
-0.11214483845595824,0.5053843506974851,-0.7162497590392557,2120,11,8-14
2.9097357218617015,-0.0469757121336869,-0.5115368383224385,2122,5,5-7
-1.471418736647711,0.3510219379001624,1.004243989210891,2124,7,5-7
-0.8358449981366274,-0.0851761035611448,1.4724231101649492,2128,4,3-4
0.2839316601635429,-0.15761349711935999,0.3722074285699733,2131,3,3-4
0.27991618768708154,-0.07113379781675483,-1.3254984498519058,2134,9,8-14
1.8356770700226561,-0.10700731172114086,-1.4196644657054014,2135,4,3-4
-0.7244086800732012,0.2485731750531781,0.34127696498761756,2139,5,5-7
1.1991998711729066,0.26912429019247086,1.467143817073783,2140,3,3-4
1.403615452501961,0.0746528131678372,0.5955940319154585,2142,6,5-7
-0.14301125313551605,-0.3677045618256669,-0.043026295964109396,2146,9,8-14
-0.5437107163839922,0.25305273953146007,-0.5546401820057122,2148,5,5-7
-0.054360489274476786,0.1870081926367428,-0.31226356446537545,2149,3,3-4
-1.186443409458305,0.3871479794700983,0.6961837135140831,2150,4,3-4
0.6554337231192625,-0.2826569093298024,-1.0586702323444472,2151,5,5-7
3.0289586902339427,-0.8323861247957572,1.4324554446427422,2153,3,3-4
0.47006031205894994,0.4256770052815948,0.521304553076539,2161,4,3-4
-0.28456884541431193,0.26531998043887,1.6811705379977484,2165,3,3-4
0.5788283367173703,-0.1986215639696619,0.6691994451759089,2168,3,3-4
0.5047206741385428,0.6218260325374343,-1.3521030017802693,2173,4,3-4
0.35743145387720554,-0.24674895575027833,0.007272665044956272,2174,5,5-7
0.01205017665003802,0.01980839928259892,-0.07617979470886116,2178,4,3-4
0.7505550125856756,-0.11154233927534014,-0.45820397607301794,2185,3,3-4
1.1008988696123498,-0.3202444489274046,-0.642384725028716,2186,6,5-7
-0.5608452001654884,0.584793712388533,0.47373154572631804,2187,18,15+
-0.45055760869880623,0.22827832044687024,-1.0069107574467857,2188,4,3-4
0.14979794356192982,0.4072644630115646,-0.7390041170915274,2195,7,5-7
-0.438750356239065,0.18952004232267378,-1.2560175688867457,2196,4,3-4
0.15452785657791598,0.2998297947417393,-0.07917559215357284,2197,4,3-4
-0.7267883620897306,0.9761119912566517,-1.0898803540884676,2202,3,3-4
1.343734427527763,-2.8509979462321082,-1.8274063916622563,2204,13,8-14
-0.392605717895205,-0.21208899547420468,-0.41685347490633984,2207,6,5-7
0.32915983916334296,0.3134466886583809,-0.3468291619430293,2209,3,3-4
0.836947526510877,-0.4961450192982474,0.9387439786229037,2214,4,3-4
-1.0628932897017127,0.551849294577125,0.19312918692384262,2229,5,5-7
-2.1770428011441423,-0.28747594085723854,0.7041090376742085,2231,4,3-4
0.025687265306040263,-0.14470649371990707,0.49282909096895766,2242,4,3-4
1.1342245140069016,0.27493937765926457,-0.2854218820736182,2243,6,5-7
-1.0668900215897092,0.35628749863113285,0.8782035976504039,2245,9,8-14
-0.19976875250328008,0.47312791419995914,0.03969550988948839,2246,8,8-14
0.40166620581551615,-0.19867613223237324,-1.3974701950532162,2247,4,3-4
-0.3731388145438814,-0.09747283398660844,0.39360471479455883,2250,6,5-7
2.204483278539385,0.36646436718863573,-0.694488712039037,2251,5,5-7
1.3899994878153024,0.20038214967903378,0.3733811735865667,2256,5,5-7
0.5189240163317708,0.13124370354110726,-0.5427390154444232,2258,11,8-14
0.24919961807825608,-0.6613673511585609,0.33058512833334597,2260,3,3-4
3.8307075753198294,0.6969873207524218,-2.0538648258219223,2264,6,5-7
0.2424647388102601,0.488693949006602,0.34162207175544207,2296,3,3-4
-0.260993769420196,-0.03351349167088313,-0.2586676246571177,2298,4,3-4
0.1897786644238919,-0.2635654628146137,-3.896277980757013,2304,3,3-4
0.44667858225130275,0.39827669936430565,1.022666793502781,2306,5,5-7
-0.08225504503647668,0.021199448910588004,-0.7114145018862572,2307,5,5-7
-1.3074565817392332,0.1640635202706895,-0.3274539437288154,2316,4,3-4
0.5853400315416886,-0.4350546684320331,-0.14645724868384793,2326,3,3-4
1.2180019259918247,0.22185244217982558,-1.5535046755409698,2328,3,3-4
-0.9379536566721927,0.17903579236278022,-1.2660001031273223,2330,9,8-14
-0.04619437805646265,-0.5803489227629137,-1.6494823885679437,2335,7,5-7
0.7922563370568458,-1.0186156859187503,-0.9206655811894843,2336,10,8-14
0.04992017667703058,-0.5491861120621442,-2.133005773660805,2337,10,8-14
0.15779177922984094,-0.32899628581253276,-1.9476375400946186,2340,5,5-7
-1.4522427857514697,-0.290735997574383,0.058289205527926644,2341,6,5-7
-0.44852877027580534,-2.7845341274723543,0.12626812722497585,2343,7,5-7
-0.23591340578464637,0.9577996158883786,0.15911669928961003,2350,4,3-4
2.5116170510830447,-0.4886168649459376,1.027274786959202,2353,4,3-4
1.5935422133583785,-0.8060543669167473,0.6515558165231543,2356,6,5-7
1.721027983184559,-1.277265961921902,-1.328087279558182,2357,7,5-7
-1.119532322432448,-0.40019253146215816,0.027878438371334968,2361,6,5-7
0.09855199301268619,0.0200971865656262,-0.5151749709767967,2368,11,8-14
-0.29732843926138264,0.3607272586849012,1.2300366619638534,2369,7,5-7
0.02179901596836009,0.28433543026643826,0.8309771276578612,2370,3,3-4
-0.6626856655808746,0.2659019590818378,-0.30642257418385543,2381,3,3-4
-0.36372768771416775,-0.9171747549002265,0.4905249834579263,2385,3,3-4
0.09103518784257925,-0.22668848734200603,-1.461312610556633,2389,4,3-4
-0.41186985286612315,-0.39863637960717313,0.1680013884590385,2392,3,3-4
2.2828358871391043,0.9431241358550793,0.1108531360407308,2394,4,3-4
1.567791962058439,-0.07045018212425469,-0.9524348380302614,2395,3,3-4
4.777921703060013,-0.9933891256048606,-3.208408822441318,2396,7,5-7
1.0087442254275925,-0.7090224626556241,-1.073898399680635,2397,3,3-4
1.288995048174519,-0.6561039652513336,-0.9681921061699804,2398,8,8-14
-0.9463883967838145,-0.36697982897874504,0.2240982585986401,2403,3,3-4
0.3965679244179441,-0.3832775868717564,-0.629638529547826,2406,4,3-4
-0.898697911321916,-0.9488238036582354,0.743233262371191,2411,4,3-4
1.4216676333696938,-0.5760719801983103,-2.61958483650933,2412,6,5-7
-1.6825938502621125,0.10803704167508532,-1.4188773793117873,2416,6,5-7
-0.25821535529344897,0.13213313194627418,-0.1842437249187564,2417,3,3-4
-0.01238744593221175,0.5581533919753815,0.171451194852263,2418,3,3-4
1.4737016534054848,-0.6208865817329285,0.2609255313836032,2420,6,5-7
0.666428865576365,-0.18053142958395205,0.8248918247089236,2422,5,5-7
-0.7550580533621525,-1.6293489102262075,0.8327072502870072,2425,6,5-7
0.5727994555338398,-0.1457075298493704,-1.8194475975549862,2426,5,5-7
-0.7754887802394647,-1.0552425887706667,-0.47644189220900174,2428,4,3-4
1.4932397541185984,-0.9394758960498377,0.003675559604196299,2445,6,5-7
0.2507587760540043,-0.4960790633357126,0.6395332987903631,2446,4,3-4
0.7804367011357306,-0.6661591940015186,-2.3938590304976834,2447,4,3-4
0.9255586260870889,0.8203441295861055,-0.7271714733154356,2453,3,3-4
-0.23914348714014821,0.4825944327081386,-0.053854244044105104,2454,3,3-4
-0.027668228513208937,-0.25451120984112796,0.45104206808336644,2460,3,3-4
0.939527849429992,-0.2575420586710963,-1.3708886229521422,2471,8,8-14
0.5374423729916751,0.5955474401241749,-0.3571523434784376,2475,3,3-4
1.1061181842221315,0.11172661208796475,-1.0186125867317783,2478,3,3-4
1.568846868873488,1.0916314948221557,-0.04964805683763912,2480,3,3-4
3.620178931378219,1.497627751235769,-1.4822416239167855,2481,11,8-14
-0.1592312807851819,0.6506723658280402,-1.503601936979563,2482,4,3-4
2.040216840814429,0.6626537838540267,0.6920870755435476,2487,5,5-7
1.3677583317804083,-0.2515775359798924,-0.31979424514955207,2489,10,8-14
1.9381701563774467,0.9628642287477603,-0.0572028669078327,2490,6,5-7
0.2797313784181275,0.18789422525208144,-0.68273878369175,2495,3,3-4
0.32397045435352767,-0.1986740913522932,-1.2945222187410614,2496,3,3-4
0.44830479157768877,-0.288657970119665,-0.2861450210826374,2497,3,3-4
0.8286036831048673,0.09485514017501975,2.232301837687039,2499,3,3-4
1.0374846354628784,-0.3906928757219632,0.3497117945828443,2501,4,3-4
0.5825171127083767,-0.13785013967107096,0.35342044721438487,2503,4,3-4
-0.044746953417682894,0.3001474465632512,0.04654292001648416,2504,6,5-7
0.6355620583524504,0.4042183653420168,0.24406230131138854,2506,6,5-7
0.901005036321952,0.3971211191079245,-1.9139698495477728,2513,7,5-7
0.09562856501640979,1.1582172555101895,-0.16960351975922,2515,18,15+
0.7571857403242659,0.1372399649365208,-0.02231556323830458,2517,7,5-7
0.6001924852347199,-0.6113980368770022,-0.06617504678380051,2521,4,3-4
1.1826211229003598,-1.697570903388657,-2.223359795609257,2523,3,3-4
-1.4682919308657094,-0.44064759849545165,0.6580616881776324,2528,5,5-7
-2.388765034984971,0.18926308830243688,-0.7761356313708809,2537,4,3-4
0.24775010085747062,-0.9818285432136725,-1.8138651647345858,2540,5,5-7
1.7057678998663826,-0.35898597441961133,-2.3286638049051027,2550,7,5-7
-0.9973281642594823,-0.1781454224113016,-0.0962204647340885,2555,3,3-4
0.9770131686084039,0.005504889676091751,0.692791270320344,2560,8,8-14
-0.89779130939059,-0.4128184599683098,0.4893349909428746,2562,3,3-4
-0.5918718356505501,0.4708686734669487,-0.9504371449708149,2565,6,5-7
-0.824037652841264,0.2567132456385042,-0.630553049722967,2568,4,3-4
-1.5054901692158706,-0.7345361453015254,1.026161779975742,2570,4,3-4
-0.7056962170504391,-0.1558948464700709,1.7075242070168621,2571,3,3-4
1.5562115870808686,0.10293959482930237,-1.1365322705996546,2572,5,5-7
2.862038752739356,-0.20225997451404254,0.5812745514732061,2573,4,3-4
-1.1460476214892992,0.045985170988441904,0.03497096397389465,2582,3,3-4
2.1886673254956266,0.949386107654473,-0.6264349250108918,2585,6,5-7
2.0853983395949287,-0.2217802386109542,-2.081755963060672,2588,5,5-7
0.7727455473287915,-0.5081277596782117,-2.417803306283988,2590,4,3-4
-0.031139855173259845,-0.48872004941513614,-1.467323167670144,2594,4,3-4
-0.19533489108889796,0.04623483803452677,0.5606993138060508,2595,3,3-4
-2.011105546128471,0.4152373440180679,-1.0686762496525248,2597,5,5-7
-1.213054667373678,1.3740685011876699,-0.25907990010378845,2603,3,3-4
0.11109817480871091,0.863849804841474,0.7654160210651234,2604,5,5-7
-0.01126702583798922,0.9300297175527217,0.43891722640492686,2605,6,5-7
-0.8463558079328959,0.3251168276283074,0.49697500565248065,2615,3,3-4
2.0728841921373764,-0.3208520316279035,1.1284707165145003,2618,6,5-7
0.08429795476599988,0.11271559096584571,0.47427254519990114,2626,6,5-7
-0.4507891242310569,0.8223197351129006,1.260823280587585,2628,7,5-7
-0.25908824976885614,-0.7116283659869285,-0.0151142685052989,2632,4,3-4
0.06663129848698968,-2.452313958449659,0.12353798388438494,2635,5,5-7
-0.05711542615651799,-0.43646763917340253,0.7438860821881901,2642,7,5-7
-0.9559010110913122,-1.031270926855087,0.821414832035134,2644,3,3-4
-0.8440269155991529,1.451565584742163,-0.3316078942140761,2647,8,8-14
-0.5628927833949651,-0.1466149463598359,0.7538656629382988,2650,4,3-4
0.5763915653176283,0.37066700852370593,-0.0025234056736873622,2653,3,3-4
-1.391062337674608,-0.21951687660012187,-0.11098869757115959,2656,5,5-7
0.8280013791726131,-0.38457227663646587,1.3880849242274376,2658,5,5-7
-1.0511001804309212,0.975689252443986,0.9216984637020853,2665,22,15+
-1.7405946966923973,-1.0053031204386265,0.02890143631887969,2666,34,15+
1.2328577685318414,1.2060542079965701,-0.30685922905374996,2668,26,15+
0.6719822839492982,-0.31477378142553014,1.033956543963988,2669,58,15+
1.0279688887292802,0.3561589475045012,0.39693792443164716,2674,80,15+
-0.4694885307685625,0.19288499720737393,0.8069078274311138,2676,83,15+
-1.1763509316726335,-0.3463876305782845,-0.1577922337154612,2678,4,3-4
-0.2660227087341198,0.3537393565106071,-0.04186329144419494,2680,8,8-14
-0.6647602454235756,0.1939142622615072,-0.4612397801336495,2681,6,5-7
0.6223291962996765,-0.23893435428951582,1.2785161475289617,2682,8,8-14
-0.7234253086866456,-0.10465016923507439,1.0223075983364276,2683,25,15+
-0.3010040185497628,-0.07724021600128597,0.33285813218989824,2684,4,3-4
-0.23423304042747217,-0.2561019956920956,-1.4613211218993551,2685,3,3-4
-0.4688505283629256,0.3575174358976655,0.03102971815822264,2689,8,8-14
0.26682376254518836,0.12682657071095718,-0.016735449907202188,2692,4,3-4
0.714972372867131,1.0700508470475962,-0.5556517212350613,2694,13,8-14
0.37352030975242667,0.9598516397228267,-0.817060567891361,2695,40,15+
1.9937021325428537,0.143802586518196,-1.1744826546886995,2696,20,15+
-2.0134406567890535,-0.9794344812793501,0.8306333175584529,2699,46,15+
-1.3962245725251452,0.19373225351269452,1.877525578084479,2701,5,5-7
-0.99615104032941,-0.2573327567680822,-0.8699941762233503,2702,40,15+
0.9161306111876645,-0.1803831242077576,-2.605563373623072,2706,47,15+
-0.3424854082136517,1.280545118091613,0.7989257627791243,2708,57,15+
0.060683301293730535,-0.21814108034746837,-0.7805511596322987,2711,4,3-4
1.313379778592971,0.017272987141961016,0.6868026955971438,2712,7,5-7
-0.4509231161086489,0.5277890407949803,0.4341265632499013,2713,33,15+
-1.9578379517938838,-0.1967443858017872,0.40498166422308407,2720,5,5-7
0.979538708815272,0.12550623067727962,0.05847327938458813,2726,3,3-4
-1.1181340324785132,-0.32286656682148585,0.7020112364740899,2730,3,3-4
-1.645087401895776,0.0813127764299304,-0.9109735327262695,2731,3,3-4
0.5091810719442587,-1.8433126155939619,-0.26037648981037576,2763,7,5-7
-1.3327548104807567,0.643637023304607,-0.13024811888109689,2764,6,5-7
0.449190159503015,-0.996136427839968,0.09302441262485416,2765,12,8-14
2.078563706922121,-1.199313431338744,-0.3164199661989956,2768,4,3-4
-0.3711082655582082,-1.7394446575616351,0.9460362899039514,2783,6,5-7
0.06364347502027165,-0.27031016933940755,-0.4717279349289447,2785,5,5-7
-0.9063247525590126,-0.5922925515312145,1.881490332657192,2786,5,5-7
0.7809193968796235,0.6170778075751548,-1.3162664841146063,2788,5,5-7
3.2576131232149774,0.26479140841817345,-0.32556168018833875,2792,4,3-4
0.8103960003506225,0.3697156502955307,0.48751876657062665,2796,3,3-4
-0.20952946420495122,-0.39123352850906024,0.42331324802883513,2798,6,5-7
1.6128144717553268,-1.2084909210284474,-2.1769354231552778,2799,50,15+
0.720968897431726,0.2608088108642528,-1.065533789307134,2801,3,3-4
-0.04006091180375615,-0.1612535784461493,1.0271141855549233,2802,5,5-7
-0.02325008724690282,-0.3038960454426606,0.5255120362363391,2810,3,3-4
0.48749201243986173,-0.19042951913693068,0.7525626616373752,2811,7,5-7
-0.7441430365926925,0.17506577219683792,-0.19179116738841354,2812,6,5-7
1.6259602638972415,-0.562889476048962,0.12199089907950492,2813,13,8-14
-0.666117010606728,0.5132493724323344,-0.11517526323781696,2814,9,8-14
-0.29758134904077094,0.17552925542321562,0.47688289267747086,2815,17,15+
-3.3731079656367307,0.23018815024292272,1.0063495355595793,2816,3,3-4
1.491350499833576,-0.7619514540771861,0.05925046289949348,2822,9,8-14
0.916653052201602,-0.1515291066236215,1.1721326072518126,2823,4,3-4
-0.34162354223262126,0.31754389883892303,0.3187457720396932,2824,46,15+
0.23438401388158825,0.4963339949899265,0.17881751498787435,2825,21,15+
0.8907787263213613,1.0839545938738593,0.3650723728890424,2827,3,3-4
2.583336535671579,-1.3466876103551437,-1.67318414653933,2828,4,3-4
0.2718066984962133,-0.4262200176911497,0.15932379371301406,2829,15,15+
0.5524060373183476,0.4021614989331219,0.20638247417881822,2830,6,5-7
0.0296927685335912,-1.616015471459717,0.5905652695021011,2831,12,8-14
0.048659753252894955,-1.0058141453954312,-0.6314558381395443,2832,4,3-4
0.3899605863568044,-0.46125008303855064,0.3791621525202453,2833,18,15+
1.2574001492234415,-0.1188373161012588,-1.8370995621406996,2834,20,15+
0.4392447372516247,-0.27741404473352876,-0.010097527010283214,2836,3,3-4
-0.21594519460821243,0.45291564389594113,1.1380260828427988,2842,13,8-14
0.031240409623140675,0.09017703129025312,1.1131646627555842,2843,5,5-7
-0.49378443564145424,0.06653019230648988,0.35997598067508585,2844,31,15+
0.4021886283338101,-0.5154905058847371,0.4142592902183628,2845,14,8-14
-0.6447150163509253,0.11782956983311116,-0.00979146622136906,2846,6,5-7
-1.7328417450371485,0.15501603646773163,0.20459721812599702,2847,4,3-4
0.5215536494213062,0.2956442556175371,1.1584775075410427,2850,3,3-4
0.22685365675370772,-0.22261179046241825,-0.9331562400282651,2853,6,5-7
1.014172130685934,0.028499089575716674,0.13573256427918,2856,6,5-7
-0.40696660836770016,-1.0726814583614628,0.2474255837011139,2858,10,8-14
-0.13439938071794233,0.3704947593585606,-0.6468927287506356,2859,3,3-4
0.3979772439103555,-0.29467942551504006,1.2574474872670591,2860,3,3-4
-0.6113104623160145,0.3062980776950802,0.1542149683271583,2863,5,5-7
-1.1395615724373025,-0.7950834572944432,0.3551426354771631,2864,13,8-14
0.6456144128682177,-1.126247483802254,-0.08057282237645838,2869,4,3-4
-0.6954267388921054,-0.5989394886133061,0.02958088177099616,2873,4,3-4
-0.2954714267073775,-0.8534514346383892,0.1367500296990697,2874,21,15+
0.21643781053040062,-0.5433533380190827,0.6356839100342485,2880,3,3-4
0.7247241432671425,-0.4037355969194204,0.14102733165797587,2881,5,5-7
-0.39162056556829816,0.12950385880943843,-0.12115091591450607,2884,37,15+
0.8378441020369132,-2.2717032868567553,-0.4526404259790714,2885,27,15+
0.8508061884555118,-0.09200907030066374,-0.03558530077086963,2888,3,3-4
0.5764017867814719,-0.25667631300292504,0.09553612160160235,2889,56,15+
0.028614819882319703,-0.789676338461611,-0.7323367022937044,2891,9,8-14
0.8731200857145641,0.33028964796823995,0.5706440616727695,2892,71,15+
0.944030290463468,0.8731204622273976,0.4133419353283724,2894,3,3-4
4.8071299901945865,0.06878688039161535,0.46916900427058794,2898,19,15+
0.5616002028580043,-1.1369793452477734,0.4223586811285127,2903,28,15+
-0.23466654576469825,-0.5218250995497534,0.6280965300749483,2904,7,5-7
-0.13567385436240034,-0.33389583721206284,0.18862616064385504,2907,19,15+
-1.347777851762173,0.695591723368091,1.2974297140273001,2908,8,8-14
1.3696232336266454,-0.215939133045004,0.023848947881630944,2909,6,5-7
-0.2504581515353867,0.010569113941673036,0.8203847585833923,2912,3,3-4
-1.7185357374091976,-0.34981189314275174,3.6071861341187605,2913,3,3-4
-0.21522437295781915,0.5451421976588791,-0.8078070153087942,2918,3,3-4
-0.1595459120779868,-0.15423426290791217,0.05067377608805579,2921,5,5-7
0.8396667010691953,0.26491045904935695,-0.2546323224425483,2923,6,5-7
0.5002814868104246,0.5064869974457702,0.12892098863021276,2925,7,5-7
0.4785484819027429,0.02413263380545108,-0.8035106564792038,2926,3,3-4
0.5186602041489818,0.2570059371309688,-0.14479654909957385,2927,4,3-4
1.260555122844429,0.6543188761490586,0.24497852005164217,2928,4,3-4
0.48138695102927614,0.3303379012612013,-1.1206300400820646,2929,3,3-4
1.447140202080265,-0.22355672726801346,-0.47726714589368807,2931,9,8-14
-0.6483712403637716,-0.09542057664609449,0.21850266147715935,2934,3,3-4
0.40464074723074595,0.11392678957774044,0.27641795135446384,2935,16,15+
0.6303504445806407,0.2314294594553119,0.31894610253280353,2936,5,5-7
-1.1080289984320102,0.5764576415831842,-0.0667417290422879,2937,7,5-7
-0.11514503843534182,-0.36367576537611174,0.22989903767111003,2939,27,15+
-0.9219838019064042,0.3713732994427943,0.09158512353862669,2940,18,15+
-0.46993070458155994,-0.5864812437846822,-0.03811138852701723,2942,9,8-14
0.6100884602089739,0.6594294740386403,0.23196934599593644,2943,72,15+
0.9232586753475858,0.5439306274057129,0.03880466763811308,2944,6,5-7
1.3319101761827328,0.03506104182580799,-0.39444422762258463,2945,67,15+
1.0587970350914355,0.2855795756690034,-1.1823156145065563,2947,3,3-4
0.35405594323746215,-0.8695291733313993,-0.7131856866532932,2948,17,15+
0.8002041131879519,-0.0979025933536411,0.5199195679699489,2950,10,8-14
0.4434757691269448,0.39547338182950564,-2.545931193655748,2951,12,8-14
1.5630807306898133,-0.017403752973189857,-1.6325087688949813,2952,3,3-4
1.2286631576666482,0.543736299786308,-2.405390293436689,2953,8,8-14
1.6000397333214225,-0.20617721526588195,0.42725999209839605,2957,5,5-7
0.9761034240227048,-0.10991991016556657,-0.8649916378257843,2959,5,5-7
0.21020179175753229,-0.4692611922356839,-1.920111391870981,2961,11,8-14
0.09496812745804223,-0.7109193131188454,0.15439726077432048,2964,49,15+
0.9614745800865945,0.42475826221918694,-0.05745429988178341,2965,3,3-4
1.924960209464229,0.2334258967105267,-0.39417559163210214,2966,3,3-4
0.12039674483362926,0.0648139765898057,0.0013500499354252016,2967,7,5-7
0.8463689134354786,0.14352170193803349,-0.1449445067994363,2968,3,3-4
1.2467260942389862,0.8163222910413324,-0.18213292230139486,2969,55,15+
2.430426537269444,0.4871098470540254,-0.12404503262057115,2970,5,5-7
-1.5408488599305818,-0.3180685888203331,-0.5277348451544727,2971,4,3-4
0.5332189938038423,-0.22905079768852415,0.16250912207968649,2972,51,15+
-0.16067368324639134,0.7741336020775034,-0.23114922985541866,2973,5,5-7
1.6554029799313885,0.3620853113149199,-0.12412026786154784,2976,3,3-4
1.3205139884066721,0.2237613397449358,1.161073673661076,2977,3,3-4
0.9847862799518965,-0.12201207621828306,-2.8871269540304607,2978,71,15+
0.5637377938467639,0.963442328657816,0.3899664259027097,2980,56,15+
0.14780804976947937,-0.11692521394055455,0.026822768667678187,2982,5,5-7
0.8000046632417099,-0.7050542960762611,-0.6430026940089743,2984,25,15+
0.40239693255549025,0.25483273031622167,0.06844916765201461,2985,7,5-7
0.41572430235507607,-0.8439557754220741,0.07318051512118187,2986,44,15+
0.2015740884241016,0.03156120955752728,-0.19045005668750925,2987,4,3-4
-1.0531403518156348,0.8577049568717401,-0.04669733165196788,2988,16,15+
1.2905592403743904,0.22239556777085998,-2.069769163177322,2989,12,8-14
1.5853750375320843,0.4660647973420617,-0.8608871486145411,2990,5,5-7
0.5374754871023468,0.02940963943282804,0.06435717925318307,2991,3,3-4
0.11183845903269653,0.5188936802744042,0.5148360361621288,2992,41,15+
0.635259177711456,0.2981976371497985,-0.6859847027183341,2993,4,3-4
5.7188948280942125,0.4449167612855893,-0.8464151896578649,2994,44,15+
0.5639846281621039,0.6032411950093586,-0.06994019864660145,2995,7,5-7
0.2877570187859838,-0.5582853226420109,-0.017826477970214,2997,40,15+
1.5104984390930998,0.23079262563459058,0.30160114185827647,3000,8,8-14
-0.39593465336600053,0.012202631394992114,0.45743008182522754,3003,7,5-7
1.184455078709251,0.39621877458499577,-0.08523479485060681,3005,3,3-4
0.4382077473978373,0.33771727033795573,0.19473297807477064,3006,4,3-4
0.23679470506948236,0.4079162612955123,0.874623321890584,3009,4,3-4
-0.10598911558415904,0.16665759113247552,0.19164450471883165,3010,5,5-7
-0.43935751663921563,-0.5474417173046899,0.8187067292435015,3011,7,5-7
-0.3752988888197055,0.32263540743932695,0.3802394833104433,3012,3,3-4
-0.9419098640773576,-0.4008413670542788,0.3401256346351843,3013,8,8-14
0.24276413911094344,-0.19844319720189008,1.7892775867148394,3014,6,5-7
-1.5488402835251163,-0.5513064976973894,1.1151826559512774,3015,5,5-7
0.6278507896554663,-0.3925358120991248,1.15760118577412,3017,10,8-14
-0.04237923054127321,-0.22012530358820565,0.004767705162892415,3019,7,5-7
-0.6053170675038254,-1.3597536511410429,0.04554430574737578,3022,5,5-7
1.0745993931300237,-0.4392037281942569,0.1849873114107569,3023,45,15+
0.17777185623000152,0.3828197738599743,0.060129065050904984,3025,4,3-4
-0.40401077815291087,0.6036013706767763,0.030478662622725694,3026,20,15+
-0.06913182593897853,-0.42503070606058124,0.08101360442248065,3028,15,15+
0.22735930638792962,-0.5410355382459112,0.4923116346462559,3029,29,15+
-0.18909683971659585,0.13943194778830625,3.939976846386277,3032,3,3-4
0.06930863136075849,-0.6311195404420122,0.07770372983399707,3033,47,15+
-0.4630738372616917,0.19667118674465656,-1.3671779170231009,3035,3,3-4
1.2547765070403554,-1.544960819021782,-1.0974053875939433,3036,13,8-14
-0.9234468403132613,-0.07882971915489145,-0.2994593269868207,3037,9,8-14
-0.5219655346383846,-0.17733963535351344,0.7355322494972979,3038,14,8-14
-2.2830476868172536,-0.4963440101279476,1.3168860033775074,3041,5,5-7
1.0195663941339725,-0.5197097053265494,0.8026282284500945,3045,3,3-4
2.695527826033676,-0.5567643936718105,-0.6901186936135475,3047,6,5-7
2.5553179135616135,-0.5991507468091404,-0.7822211054423581,3048,21,15+
0.531682881839827,1.3186173247158752,0.054256139701619105,3050,49,15+
0.675197445718309,-0.023542708041015818,0.045292271760681124,3052,3,3-4
-0.46756673692901285,1.1566103415139206,0.31821697282043043,3057,57,15+
0.5794562151496385,-0.5498865468528094,0.03994306240544476,3060,47,15+
0.02879479439249874,-0.44052596048683035,0.4398071697115786,3062,4,3-4
-0.18350345421083045,-0.026939668778766523,0.26743460838079436,3063,8,8-14
1.6015310836956527,0.22315419000283881,-0.09073347646791924,3064,3,3-4
-0.49520622975151996,-0.5346967926509062,1.3346823649918673,3065,10,8-14
0.6174445345071606,0.3580757623797186,0.46618652852898496,3068,5,5-7
0.006487462811710032,-0.16831954504180063,0.14397026887165867,3072,7,5-7
1.0268429176887832,-0.39074669379150934,-0.8911300300934366,3073,59,15+
0.2097139993690156,0.2892783206911441,-0.07927131211650529,3076,4,3-4
-0.40242480434895994,0.48837958916600827,0.30251707253828486,3077,52,15+
0.4682313225967243,-0.5132213655274271,-0.5043171960579003,3078,50,15+
-0.16921062464771144,-0.7698507723771577,0.4279840441813984,3079,43,15+
0.3332787357360312,-0.6461558790907179,0.7863132304045006,3080,9,8-14
-0.4437043240911935,0.10160537154544635,-0.08869987507363308,3082,3,3-4
-0.3170424464844649,-0.36168149026174123,0.6289967478977483,3085,9,8-14
-0.19819164613286072,-0.3537896677041312,1.1274913825940094,3088,3,3-4
0.2455760976721921,-0.7483976539505584,0.6363573743594139,3089,29,15+
0.503126765804035,0.13494279020002553,-0.1485612213387758,3093,3,3-4
-0.00023602434489861102,0.0430023198503624,0.056587989661227966,3094,6,5-7
0.37356182300217355,0.10962995373487194,-0.2342380889517826,3095,3,3-4
-0.9011968024637371,-0.02906944234304404,0.7318395638223162,3096,19,15+
5.4601190805396955,-0.4236218362075519,-0.9622128336753588,3097,25,15+
-0.1223078620037048,-0.8297550743491993,0.11163129051148878,3099,17,15+
-0.7374430138793644,-0.395313930320338,1.6570002182684243,3102,9,8-14
0.7593690468510392,0.766629857425307,-0.11977201971723594,3106,4,3-4
-0.668480095773618,0.6233892735017217,0.21965979156877757,3107,4,3-4
0.7482442794976523,-0.19832424927449402,0.25532252921265886,3111,13,8-14
1.278650795854534,0.07785892901393399,0.6361418247654916,3114,17,15+
0.5181463648247003,-0.2465872206184046,0.24549895295862204,3116,15,15+
1.4164941751768563,0.24579617733457998,-0.15521208354236116,3117,16,15+
1.7895962689685376,-0.30148820397032117,0.2308682073276767,3122,12,8-14
-0.07252898665312213,0.3098712926178758,0.11947421787080592,3123,9,8-14
-0.26399758273630436,0.6885631663307505,-0.021177102246651924,3124,8,8-14
0.4177443512675839,0.2700347236978058,0.3869261136949145,3126,5,5-7
1.0458524542415195,0.2804841376744325,-1.0968707697852988,3129,61,15+
1.4788244879519885,0.3482261509173188,0.25983753987523706,3131,3,3-4
0.2597083881981629,0.04705594057555884,-0.7749227884313449,3132,3,3-4
0.8303326393105148,-0.3996375635393156,0.3721484485747113,3134,11,8-14
0.5377318265199911,-0.19839335228053734,0.08466338628797099,3136,56,15+
-0.4019277603258339,0.04185459308534263,0.4672703768091272,3137,7,5-7
0.8492758866826217,-1.357332681590347,1.0619314392042112,3139,29,15+
0.9462436151250585,-0.3700792774571407,-0.3338589882113545,3140,47,15+
2.228222849427587,0.2982168106551074,-0.7227513207782098,3141,51,15+
0.2800409374281277,0.07971162111411706,-0.7437844944785897,3142,67,15+
-0.9127936476201259,-0.03218333759572034,0.5764809061972795,3143,3,3-4
1.0676321368451447,0.6363940033629063,0.0035385003571205,3145,8,8-14
0.5615308645097432,0.6631894388696119,-0.07885409498193574,3146,5,5-7
0.8793445688975917,0.5092756578761269,-0.49023847720606784,3147,77,15+
0.4550396143521389,-0.43648985974458887,0.19223484740415633,3150,51,15+
-0.03563781352693371,0.08143359664371003,0.1843832030607352,3151,5,5-7
-0.24579136145921945,-0.16610027767296537,0.11015713393362613,3152,35,15+
1.9123915036864165,0.662834349096737,-1.0741357699392273,3154,13,8-14
0.688231040049551,-0.5110232069768792,-1.9184775038745885,3155,76,15+
-0.9306247920794508,0.098706401810017,-1.1277152719408812,3156,3,3-4
0.37829258819243267,0.557397216992356,0.07306344695280398,3157,3,3-4
0.45034346580300494,-0.005391591004633101,-0.44291195087557106,3158,114,15+
0.8127090734350509,0.6094115359360515,0.08022609138975789,3159,3,3-4
0.034589352112967625,-1.5792036594505368,0.2809851956556757,3161,59,15+
0.31895791218997205,0.43561712876903885,0.34059528575977566,3162,31,15+
3.9577416921133155,-0.8626444439064005,0.06653741465835228,3163,13,8-14
-0.0673819115191992,-1.1548764178891575,0.16317162097542917,3165,106,15+
0.20780448261741175,0.3957404088621995,0.08512648331765549,3166,10,8-14
0.09551675769343654,-0.17626902638605196,0.09085788750374488,3167,50,15+
0.5095638936542201,1.110556200566038,-0.7371857777077033,3168,17,15+
0.2811246350667839,0.5592605657380141,-0.1816507822094652,3169,5,5-7
0.6237166432112955,-0.08057463356516992,0.11981428856903296,3170,10,8-14
-0.07830570911030135,-0.915038451454668,0.41907322873110253,3171,19,15+
-0.7502991950254957,-0.5058097973544533,0.44273998144054877,3172,12,8-14
-0.4852697779633165,0.03419304384081023,1.4676711371152718,3173,5,5-7
-0.6897623426546768,-0.07679145933814158,0.08810971328904782,3174,3,3-4
-0.07418226032224404,-0.08048233225000273,-0.07407859314123162,3178,8,8-14
1.3119237282450402,0.17688100475790547,-0.1756695916614486,3181,13,8-14
-0.5349790108731313,0.23511680793735962,0.33754338360294245,3184,47,15+
-0.271160056255661,0.37761159690527574,-0.0075484528775178195,3186,8,8-14
-0.2120994167148746,-0.20707181089154186,0.26256785734106414,3188,19,15+
0.026410992849642212,-0.6089662712033388,-1.3872207974825885,3191,50,15+
-0.5457787171404189,-1.2044438352921152,-0.7233686564420052,3192,23,15+
-0.39222946356856214,-0.7114348600960707,0.5700860148391649,3193,8,8-14
-1.2235793151686405,-0.7790343619678187,0.636807648722158,3194,40,15+
-1.9604109618369203,0.34664948859348294,2.247673452463822,3195,5,5-7
0.2033785804966528,1.4832092862344015,0.15524601468061774,3198,49,15+
0.6777107212854696,-0.09965352349327072,0.047129690101825494,3199,3,3-4
-0.21472080647367753,-0.09318820724760069,0.21832820505079278,3204,10,8-14
2.8626322450502717,-0.8494309446790567,-1.5760727000990813,3205,4,3-4
0.5778897109275707,-0.7061660271041609,0.040567567811298,3207,47,15+
-0.6957007084206259,-0.464481406662882,0.3068850031879901,3209,11,8-14
1.0141946227899892,0.21946056312277473,-1.2139074511553936,3210,59,15+
-0.09702871369345822,-0.22987646288596003,0.6735983343127535,3212,19,15+
-0.5503307975459487,-0.38210910389117536,0.35659064506404686,3213,16,15+
2.856855027755524,-0.9512872348634204,0.3183643480068755,3214,8,8-14
-0.9594043149917446,-1.0030145979876102,0.5957686270149148,3215,41,15+
3.47976978195294,-1.0246180489254428,-0.3484602597345731,3216,7,5-7
-0.19265813086992767,-0.38515629703894494,0.0991502518576719,3217,6,5-7
-1.0660285561428615,-0.035196933891834425,0.5066251504242979,3219,22,15+
0.7845432445291433,-0.3434766601566178,-1.3593395731834463,3220,4,3-4
-0.37808277887799624,-0.976676134034454,0.6088406449362984,3222,30,15+
0.1808269721975165,-0.1110892879742219,0.6361784521242676,3223,15,15+
-0.9268764199544117,-0.2878848263299936,0.6136159631287559,3224,24,15+
0.16845357233199498,0.2524487844999679,-0.034357051683735484,3225,5,5-7
-0.38317394215788303,-0.48307523974070543,-0.05235480147055638,3227,9,8-14
-0.7252485647687772,0.5096545480869755,0.35599721036869386,3229,23,15+
-0.7175884770064388,-0.6194545744400972,1.6821414082083965,3230,11,8-14
-0.6104259113351158,-0.39337237958750415,1.497233555119072,3232,3,3-4
0.6078535508603055,1.0229935865951114,0.05178056146805714,3233,7,5-7
0.5891962041845252,-0.12424561684301672,-0.3059381073926996,3235,3,3-4
0.8471037857534391,-0.07689444533828699,0.9599168352307981,3236,3,3-4
-0.9786998177388231,-0.07566137002119855,-0.383391654395857,3238,3,3-4
-0.2309288246427333,-0.09056010844331713,1.9034555243488542,3244,4,3-4
-0.28802324594513573,-0.28991680322853386,0.2455289468682752,3255,3,3-4
0.5421255306396457,-0.24673891648954527,-0.24797337711383094,3258,4,3-4
-0.38328437619144223,-1.372326886368064,-0.7596299480926729,3260,3,3-4
-1.7189454288654331,-0.7877462619301174,-0.2823242864467932,3266,7,5-7
-1.2732093282424046,0.1924030789231147,0.47051017747627943,3268,11,8-14
-0.13825739340813947,-0.24767875909036263,-1.022548206238568,3272,4,3-4
1.0543779166003362,0.10481811515805073,0.26635070918821707,3275,4,3-4
-0.09602254266428918,0.0027403027917762834,-0.40636886689095,3299,3,3-4
-0.22890011122791576,-0.011126905447280455,-1.3301432582880697,3302,4,3-4
0.6565230715939256,-0.028712379804155752,-0.6433551324948045,3303,5,5-7
1.126018915241871,-0.004107039055615824,-0.4710817559613403,3309,4,3-4
-0.8891001981885103,-0.020157426761382546,0.41724702623769305,3312,4,3-4
0.7200073329408305,-0.025169198262118275,-0.7804592660663784,3313,13,8-14
1.1130376623892777,0.09555614333507317,1.0062668276598576,3314,17,15+
0.14499738341920065,0.11470563597076971,0.2991420156452679,3315,15,15+
0.4304706986131242,0.07467719693925012,-0.6541795393478739,3322,3,3-4
0.1134580522252141,0.051722903954506905,0.3697011281962601,3323,8,8-14
0.0025139050373282346,-0.020184958850474555,0.7788440771540377,3325,6,5-7
-0.8134660764851342,-0.07189957703792671,-0.21823207244043474,3326,5,5-7
0.30277746241003706,-0.044050332587031615,0.5017557710714775,3327,6,5-7
0.07708856806788322,0.01572739901426723,-0.6329127225456163,3328,6,5-7
-0.687737726471513,-0.05685578722500484,-0.963496277267279,3329,20,15+
-0.6323015937900864,-0.14398746040275845,1.2358686849417713,3330,3,3-4
1.8321354454541625,0.03802982820827444,0.10989051692814622,3334,24,15+
0.2542046727719041,0.004995690937518171,-3.234856642317377,3343,23,15+
-0.16792066147136098,-0.016391748217270852,0.9429651748725244,3344,17,15+
-0.31956480236625007,-0.04711058109709687,-1.7843707667439164,3345,14,8-14
1.2125222283968655,-0.04147659258810865,-1.686479145483489,3346,4,3-4
0.9534914131712722,-0.06219990489466509,0.3851315439866958,3353,3,3-4
-1.1189353102370432,-0.008218532546782287,-0.06971914149571434,3356,3,3-4
-1.1601749739346119,-0.0024200490035658218,0.5595089497550059,3366,25,15+
0.7472421848055482,0.08460273795226689,0.7061353033314385,3368,21,15+
-0.29397814173572606,-0.02134289009285139,1.488935790841061,3374,20,15+
-0.13811997689227984,-0.03962774254185433,0.14853276864436316,3375,5,5-7
0.8787948259450408,0.07365069551540734,0.008811820429917905,3376,3,3-4
1.1826490916786048,-0.06523635997041355,-0.5251692982791029,3382,9,8-14
0.04601494415323204,-0.29574344963501176,-0.9797057785168254,3385,5,5-7
1.8859525197472446,0.2089531147755319,1.706687918891757,3388,3,3-4
-0.10828878680668041,0.06822976387966984,-0.7843972668844779,3389,7,5-7
0.4725446842862564,0.48184636192219765,0.3778725115309236,3390,3,3-4
0.011979003442719405,-0.05207811482449676,-0.31109750285105975,3392,3,3-4
0.25099216550811076,0.02719671075840288,-1.0262455598567106,3396,4,3-4
-0.562289439815885,-0.6814701402153296,-0.38902173765753595,3397,4,3-4
0.33826829958972704,1.2262401577279012,-0.23224087764359475,3399,27,15+
0.7766378125306562,1.456809877387408,0.5694312345859945,3400,34,15+
-1.0097910919256985,-0.048472342205159946,-1.9851112209388768,3401,3,3-4
0.28408043210259887,0.1687470314116527,-0.30677176554720886,3405,4,3-4
0.6352471217315839,0.3861531205959134,-0.378334745952529,3407,5,5-7
0.32305404538215654,-1.3835667140930323,-0.5252290549412417,3414,3,3-4
-0.27298945565990895,0.4321182782085655,-0.8917201396980385,3415,3,3-4
2.4040394524114435,-0.47039102005292277,0.6787317074687668,3417,5,5-7
-0.6565158092581227,1.1772322867398746,-1.8024792899091984,3422,3,3-4
2.4019932926541636,-0.1464345819330478,0.6896647410114384,3423,5,5-7
0.5438982642090457,-0.09495784121860229,0.0418081196916778,3428,6,5-7
-1.335023738211194,0.09221122425334843,0.16106457898549342,3430,3,3-4
-0.9708605367300892,0.06119555788076614,-1.2709617388931,3431,37,15+
0.29872630339987366,0.24236243866062074,0.48093568681154264,3436,3,3-4
-0.768757317909371,0.5311887845000759,0.22847262547655128,3444,4,3-4
-0.7501910547357324,-0.12802066163036613,0.8468245169500205,3445,8,8-14
0.9833593698438012,0.08931222631224667,-0.599477388327192,3446,8,8-14
-0.9230513422587802,-0.3109252979608398,0.013446864650110024,3458,3,3-4
0.9560459569830024,0.9675231036725246,-0.10430530981725417,3459,6,5-7
-0.38742581295942574,0.19186324861193865,-0.4322362142957328,3467,3,3-4
-0.5689510775999396,0.3728869634947501,0.15679434499678152,3472,4,3-4
-0.31796610717054324,1.0703156680319263,-1.0898199096692713,3474,9,8-14
-0.1411615852554786,0.03650563802992213,0.4053793982938545,3477,17,15+
-0.43692756525931153,0.31434236365742524,-0.3406067349437888,3480,5,5-7
0.6507318370121832,0.16603120422312334,-1.2006423243600672,3482,3,3-4
0.72365870324212,-0.1350004562454965,-2.4153377079179337,3486,3,3-4
0.684317298723727,0.4411522305913409,-0.09264918021263757,3491,3,3-4
-1.3406909733878052,0.22760230004163096,0.41716118485713743,3494,3,3-4
2.8395338203073317,-0.22124821844211828,1.1371628631738724,3495,3,3-4
-0.8226985671564784,1.8364491890194103,-0.022244563456103372,3496,15,15+
-0.1741590424262187,0.33937286953912627,-0.18455534975331456,3498,3,3-4
0.02641560625064332,0.03944121016327917,0.7489481437095369,3510,5,5-7
0.05068348166900949,0.3640036372515304,0.07360907943279547,3525,3,3-4
-0.8505807390940578,0.3022979447942549,0.42030847765105606,3532,4,3-4
-0.48446620923958506,0.03465663246004336,0.10907568718154192,3537,3,3-4
1.830618034791899,-0.8498942493528686,0.5325426095708716,3542,4,3-4
0.8721918186342648,0.6296081281340165,-0.34032317699266323,3544,5,5-7
-0.06915061731578587,0.33833838000965244,0.12847018653737008,3545,5,5-7
0.866266306062382,0.05910809652828264,0.9402485829663895,3546,3,3-4
1.8207666372674625,-0.5363347331406897,0.044014140120163414,3553,14,8-14
-0.10677071981392454,0.03356660057893295,0.26513802602322156,3554,3,3-4
0.9724399440220746,-0.16652066282814973,-1.0983947937662166,3556,10,8-14
0.8151304771168357,0.8573471407770866,-0.09197293777791313,3557,21,15+
-0.41417369983784275,-0.02159963682002264,0.3646834537709024,3562,6,5-7
-0.16609983263171532,-1.1683616045798688,-2.2376955066694846,3566,4,3-4
1.037393673087772,0.135460502093791,-0.05194652311112888,3573,4,3-4
0.33080922990336364,-0.37566018192726486,0.2366390310710177,3579,4,3-4
-1.2952932516912607,0.26528666469107937,0.38846499524165756,3581,13,8-14
-0.950692806235019,1.0252730165144373,-0.7082448866627565,3582,14,8-14
0.41881223683227375,-0.01314485827395763,-0.29983808998459544,3584,4,3-4
0.622780784194867,-0.27928288549201397,-0.42132157207308985,3585,3,3-4
-0.10293034963528425,-1.1733726515145078,-2.590040933056785,3586,8,8-14
-0.5016106841636376,1.1499553953297619,0.3143740758089187,3590,6,5-7
0.13180413826129528,0.5242195652439829,-2.276348978736819,3597,17,15+
0.484518291328515,0.41224481917371003,0.12541829949881877,3599,3,3-4
-1.0822347669420669,0.09861581662899854,0.6478086708976829,3605,5,5-7
-0.1075294657325645,0.006490515752405557,-0.9187981474891342,3606,3,3-4
0.09595810656457998,0.32556625119104265,-0.7364226848348633,3613,3,3-4
0.823918993589608,-0.14599985048788003,-0.4633804724574133,3616,4,3-4
0.49251239948784226,0.5496819739508431,1.0640717644387427,3617,13,8-14
-0.31454854457358034,0.5874052804175586,0.42140185631129695,3621,7,5-7
-0.9549339729914305,-0.04592570068600367,-1.322248475444817,3626,4,3-4
-0.1850873739010811,0.3681878721786649,0.3685712405683224,3635,3,3-4
0.12112925298572169,0.17239176883243215,0.44111642398355466,3637,5,5-7
-1.001872760221291,-1.539979367785868,-2.1356466435841877,3638,5,5-7
-0.718722967476815,0.2916980409809174,1.4133252693763898,3654,12,8-14
-0.3357657232260616,-0.44462946264440295,-0.8146265100201917,3657,5,5-7
-0.3848984133303417,-0.5349148884200765,-1.0222080472884616,3661,3,3-4
-1.448261970161938,-2.711369580633722,-1.5510262551112137,3691,3,3-4
2.3440472433701034,-1.6581417333812292,0.2599158600679451,3692,3,3-4
2.1817648223885873,0.9273620252150608,0.4326479968183402,3697,6,5-7
1.374245202852946,0.27655848529253785,-0.16015637924570397,3699,4,3-4
0.6100433221930612,-0.481795570240906,0.4724910426441167,3703,4,3-4
1.6708684694966924,1.6425212498715458,0.8990486959448432,3708,3,3-4
-1.3604130462235822,0.4252284828159225,0.5273597549591371,3709,5,5-7
0.5038596856136291,-4.731355063613375,-0.22668327090521725,3724,5,5-7
0.7723854272962737,-0.11314560572025811,0.10543001874953449,3729,4,3-4
-0.6345432705330035,-0.05422112363398113,0.6264100784481244,3730,4,3-4
